"","baseMean","log2FoldChange","lfcSE","stat","pvalue","padj","GeneID","Feature","Contig","Start","Stop","Strand","Name","Product","BUSCO","PFAM","InterPro","EggNog","COG","GO Terms","Secreted","Membrane","Protease","CAZyme","Notes","Translation","Expression"
"1",2.40553719620551,2.99715343806895,1.03030055985662,2.90900884154236,0.00362576605775166,0.00995913277265346,"HMI54_000199-T1","CDS","scaffold_1001",481,1626,"-",NA,"hypothetical protein",NA,NA,NA,NA,NA,NA,"SignalP(1-27)","1 (n11-21c25/26o221-248i)",NA,NA,NA,"MFHPFQFLEKVGVVLLCISLIIGNGEPTITTFHPRLKFQEMEFVAPFTTSMPSEALNSLASSESLNEYIPAAAFLNNERITAVYNLELSAPQFDFTFEEETSKEFPENFLCVTTGSYRRSTDHQVGGVDPLLFNICVGNACQQILRSYFVKSPRLSFIRFHPSTVLVFRLFIDCDFTEHPVQNTPAFRWILDVSVRQSNIELLLPEVSDITKEWEATLKYLTLYVLVGCRSFLLLLFLFSMHWLVCIYKIDKA","Sporangia"
"2",22.0971577828505,3.79643051244492,0.713544572363255,5.32052328542163,1.03469204021798e-07,7.09427762494401e-07,"HMI54_000385-T1","CDS","scaffold_1042",4128,4707,"+",NA,"hypothetical protein",NA,NA,NA,NA,NA,NA,NA,NA,NA,NA,NA,"MRDLPISDSIKPSLQVFIPNFKTDTPSKPPAPPFLHAHYPLTHNPYPDDAFYSGAWLFEPELMPAWLSEELPPTPLSSSMERKCSQRLRKKKAPSISHTRCIGSLEEMLESGTWLFDSASTPSWLRPHLEPPSSEQIQEIQRAVNRATEDPLETGIWLFHPEEAPAWLVRQLQSLPEAHSASSKRKLKKKKN","Sporangia"
"3",189.873675187555,6.14032896042439,1.11196408219742,5.52205692497737,3.35053893232429e-08,2.52228070744935e-07,"HMI54_000588-T1","CDS","scaffold_1084",4078,5681,"+",NA,"hypothetical protein",NA,NA,NA,NA,NA,NA,NA,NA,NA,NA,NA,"MPNTSHTISAREFQAARDQKASTRMHENQLVNQLKSAFNTPKLGNTPNLFPPTKNVKKNIFSTPQGNHEGDYSISPPRFNHNNKSHDDGSIFSVGAFSEMKQGPNNCAKNIGTNNTNNQKQKFVSHSTSTNSAGKKHTHLQKKAIQSEDAEDLVLESGSWLFNLESAPKSFQNKIKQSPKSNNGKKAANQKIKETSQFTEDAFFETGSWLFDLNQAPKWFRKALNSSTHNTSISYQKVSPVKVQLNVQTKKEINDDDDEEEYQFGSWLLDPSHSPEWFKQHITLPSPTENGAMGTLGSVNNHPQKSLKALPTKTEPLHTQKPVSTRSSKSHSHLDDGFYSGAWLFNEASRPLWLQKALREPPVTTSTSFKFQNNDLKYAMDSSKYAQVFETHKHIPLPSVPNERNPPKSGFEFLESGGWLFNLSETPNWFQSQIRPTTFGHLINTKTIQRKQDVKSSSPRKQFIRGTQLHGIRTYSRPHSASNL","Sporangia"
"4",69.8451941090534,3.79858159362579,0.621465473490738,6.11229707145172,9.82071480787706e-10,9.71239810043724e-09,"HMI54_000918-T1","CDS","scaffold_1154",20,846,"-",NA,"hypothetical protein",NA,"PF16561","IPR013783;IPR014756;IPR032640",NA,NA,NA,NA,NA,NA,NA,NA,"MNTIKIIYKSELPTREVICTGEFDLWDAHKKMQFERISEEDNSKWFSMVIQVKEDIKHLIFKFIVDGEWMVSSLYSTISCGPYLNNQILLDQTNNESMNEKVSENVLCVELKNEGEIVSPCEDSALDVLQTSSVLSIHQKQEKVPNASRTSIGLGKSILRFFHVGSAMKRQKKTFVTSKLKTKLQALKIKKMKSNSLTHFYSGIVKGIKKIFTKK","Sporangia"
"5",8.8935550329521,-2.93127120540621,0.477856626144547,-6.13420646493143,8.55853093441925e-10,8.57979436531221e-09,"HMI54_000926-T1","CDS","scaffold_1157",1210,4365,"+",NA,"hypothetical protein",NA,NA,NA,NA,NA,NA,"SignalP(1-27)","1 (n11-29c33/34o256-274i)",NA,NA,NA,"MGILHSKKMDSLLVYFLLMLLLTSIPALISVNAAGVQTSKPLRFLYSNNEFEFGPLKVKVKFNDETDFTCSYVRVFLGYFISTFDVQTASGEISDDSFAKKLDSTAKELMDLFQKHPVHPFVFQMFLNTENLNFIQKNHQSIKSYLMSVKTSLSEMASSLICVCVKGVCKFQGAAPSQGETYTDLLIMYTFMTLTEIPASWRSTVVKKCYTSTKCLADAIRNTRPKKEIENSKDSNLNGNNEGNTAIRGSQTGPSFVSFLFYITAFFICSYIFLRTFE","Infection"
"6",5.51405811373257,3.2850403254922,0.887007131226305,3.70351061434035,0.000212636280126524,0.000778926364330934,"HMI54_001351-T1","CDS","scaffold_1246",4449,5850,"+",NA,"hypothetical protein",NA,NA,NA,NA,NA,NA,"SignalP(1-22)",NA,NA,NA,NA,"MVSLLILLLLLLSTSIPPLVSQHGITFPGRPGVQFSKPVRFIYANNQFVFQQFIYQFSGNPGDICKDIYAFLGLFSSALDIRTAKGEYLRDDLVKKLLSTAKEVKELFQGKIDHPFLFNFLSKIGELGYDELAKFNFLIFLLNVESFLTELVNTSTCQCTDGVCNFSNPIQNAPGTYTDLYIYQTLRLSGKGPSYWDAKTFSNCGQDPKCLVKDVRNSKSLQPTANPPGVTKPLELNFENEKLEFGKLGFTFKPELSNNVCKDVYGFIGLFASALDIRTSTGEYLQDDFTRKILTTAKEVKELFRADSKNQLLQTILSFIENISPNDLKNKYEVLPHFLNIKDFLEEILKSSTCQCTGGKCKLSNTIQNAPETYTELYIYQIARFIDEVPSSWDAKKFKDCGKDAKCLVAAVKSFNSLQPTSNSPGNNFHTTSYEGESSMVIKVYQPETLSTSIMVTFYLAFSFVF","Sporangia"
"7",380.945863688975,-2.22227764449808,0.159950002589295,-13.8935767960207,6.92870516589922e-44,4.47317205510454e-42,"HMI54_001382-T1","CDS","scaffold_1256",3408,5700,"+",NA,"hypothetical protein",NA,"PF00082","IPR000209;IPR015500;IPR022398;IPR023827;IPR023828;IPR036852","ENOG4107QR7","O:(O) Posttranslational modification, protein turnover, chaperones","GO:0004252;GO:0006508","SignalP(1-18)","1 (n2-13c18/19o580-603i)",NA,NA,NA,"MVLLLGFLFLFFYQPAVCSLFPWSSSSLIQLFLTMSEHVTFHGLDLKNCCLSSFFFPFTFMTSIAFPSFFLFVQANPEITAINVTTPVNPYVPSSNSLPSTNPFQQDLFRSILWKNKAKSCISYQRFYIYPMRDSKCINYAIQNFPSLFDSLKARALLSCMDYIDPDEIQNETMTSTTALFFLIEFEKHASTTVHGLRMVLKSHFKDIPCIDRIEPDTLSFSHQAFISTTATTPLNERQALPPGLFPPTMYHSYFDVTEKRGQDGKMMHDDTTFNLWGLDMIDYLRDDMYTYDYTGDQVHVYVLDSGVVASHPDFQGRASLLYEAPGTHHSETQSDCTGHGSHVSGIIAGTITGVAKHAWVHMLRVMGCENEFPNSNTLLALNHLEKIIQYPAIINLSIGTKPIEGVFPYDPPLIEKLKKFTNILKVPVIMSAGNLETEICDPLFDEVEDIIVVGSIDEHFVKAKSSNFGECVDIFAPGENIWSHSNEPEKQFYTRLSGTSQAAPFTTGIAALLVQKNGKHLTPKELLDELYSISSFKVVGAGPNLRRVVGAPLTENSYQASLRLIQTKLKNLKLKSNSLIIIISVASVAVGLTLIGVVYFFYGCYRKRKHRYQTENLRPRPLSEATLISSSPFNDVSLSKAASASTSSSTSPSSSSPSSSSSVSTENSFLTMLKNKFGIPKKESPSPLKKGKN","Infection"
"8",39.1060647660094,3.70215809208839,0.738111056522428,5.01571959852616,5.28353381644944e-07,3.16994353100329e-06,"HMI54_001435-T1","CDS","scaffold_127",8481,9417,"-",NA,"hypothetical protein",NA,NA,NA,NA,NA,NA,NA,NA,NA,NA,NA,"MDSVPYIDVLTPHPVSDPYNLSSFYPSITVIPHSEWPSDVIYEGFYPPNLVGEDGIQDLESLKVFSRVPEAYETFLTDSIASIHDREQELFEEKLMYSESIVTDELNICRQSSFSMETGSVNLIKFYREEVDNRKEGNMIASQAPKISSIIPIPFLDLATELDPSHGPIPELRSNVASKKRNQTDKDLNFSISEVNQNLNKKRKVVSLRSEQFFTNSRKRSQPTKFFQTTECEKSPTAGFNFKITCKISNENQPPQFFLTLTRLQNKINEEKINHVEIVKALKTDCRKRKQITEEEQSEKRVRKSKLQRLC","Sporangia"
"9",52.7090632882767,5.7703842427343,0.919556208133012,6.27518382421667,3.49221451202626e-10,3.72287597252998e-09,"HMI54_001589-T1","CDS","scaffold_1304",1133,1960,"+",NA,"hypothetical protein",NA,"PF16561","IPR013783;IPR014756;IPR032640",NA,NA,NA,NA,NA,NA,NA,NA,"MTMSTSFRTYELEFSFRAPVSVRCVKLTGTYDDWNAKNTMKLNGLEGDNCKLFSLNVRVPEPVGMEKFLFKFVVDDEVWTCSEEYAVEYDEQGNMNNVVYYGLETTCPNLKIHTHVEMDVPDLRTIAHPPLQHDSGVMEFKEEVQEAKESGNVCHVVDERILETALPEAKESGNVCHVVDERILETALPEAIPSTLNGNTEPFKRTRKNLSIKSLFKWICKNYKRVLLMLRKK","Sporangia"
"10",10.5182512346401,5.23398141548471,1.29950244077064,4.02768109645167,5.63296765025209e-05,0.000232284358393124,"HMI54_001914-T1","CDS","scaffold_1390",509,1478,"+",NA,"hypothetical protein",NA,NA,NA,NA,NA,NA,NA,NA,NA,NA,NA,"MHKVSYCRHRENLSPSPFLDPFQSSPYFPFYFHIFTKKGSMISNFPITFFCSFDGDHSTLNWDNLTLLRDVALNIEQCAEDIVPGFHEEKGKPMEEKKQEMMVLNEESLWEQPMFTSPSRCYTLPSLGGDSSDYLNEEEESNGSQVPKIKSVKLIDSSMKDSGIELDPTHGCATGLKTPGTSKKRNRNDQAPEALLLESTGTEIKRRKVALRKTESVCDTYLRRQKKEIPVDQQGQLIKLNASETKEKINTNKRQQNEELSSSLSIYKREQSVKQVNEIPALKISHQTFKSTPQKRKQPPPTEESQPEKRVKKSMSKRQLHC","Sporangia"
"11",454.744655570739,5.72376029191623,0.61047911055106,9.37584954667749,6.86208985118941e-21,2.03592151099627e-19,"HMI54_002055-T1","CDS","scaffold_142",429,2431,"-","CDA2_1","chitin deacetylase",NA,"PF01522","IPR002509;IPR011330","ENOG410PGYG","G:(G) Carbohydrate transport and metabolism","GO:0016810;GO:0003824;GO:0005975","SignalP(1-19)","1 (n3-14c19/20o415-432i)",NA,"CE4",NA,"MRLLFLCAFLAILFGVQHSADIPDAKAWCPNCNGELPPSDSITSLLTLGNQLLRGGNDTCGDKICNPSLSETCATCPEDCGECIFNKPILSCINKNQVTLTFDDGPTSYMFQILESLKKLNINATFFINGLNVMQNVSLPANALNSTNWTNSTMADLIRRAYNEGHVIGTHTYSHIGLVNGTTGYNLPSELGYVPLNMLQMQLLVNDLVIYDIIKKYPQVFRPPYFEINQTVLHVVESMGYIPIAANVDSVDYAAKSVQDILGNITQGVVRNRNESGIIVLQHDGHNLTAFNLEPVVTYLRNANLSIVDLPTCLNMSSDTLYRSSSLFNKSSNYPTFNQTGLFFNVSSILQVTSTSLVDTTSTDSSTTTPTEITSISTTPTPTTSPITTTSSSTTTQSTKQSQTIRSHVAPRFDLKYGVLQLALILILMFFIL","Sporangia"
"12",389.720813576566,6.31878110244659,1.06270507837814,5.94594044105831,2.7487408613465e-09,2.51215614394862e-08,"HMI54_002057-T1","CDS","scaffold_142",10042,11696,"-",NA,"hypothetical protein",NA,"PF01522","IPR002509;IPR011330","ENOG410PP58","G:(G) Carbohydrate transport and metabolism","GO:0016810;GO:0003824;GO:0005975","SignalP(1-19)","1 (n3-14c19/20o380-397i)",NA,"CE4",NA,"MNLLFFLAFFGLMVQVVHAQSVITGSQACSNCVPPPDSAIQNIFKLETQAYGTTKSCGDKICNTAIGETCANCPSDCGSCVYTSAITKCVNTGHVHLSFDDGPTDFLPKLLDLLKSLNIKASFYLNGVHVMETIDPASVTGKISGFTTSARSDAVKRAYAEGHVIGTHTFSHVGLVTGSTGSNQPSAFNYMFLSDIRLQMLMNDIVIYDILGKYPLAFRPAYLEENVTVINIIESMGYIPISINVDSKDYESTSSSAVLTNVNTDLSTQKNMGGFICLFHDGYQVTLDSLPTVVNQLKQQGLTLVDLPTCLNKPVSSFYRASSLFSKAGSSISSSSTSTTTTTTTTTTSSKSSTSSTTSTSMNPKTSIQSSAGSYLVAEWMNYLIHVLSLGLAAFGLI","Sporangia"
"13",138.158495602713,2.74863376601038,0.356914589566602,7.70109669472468,1.34903354854589e-14,2.59207160399174e-13,"HMI54_002554-T1","CDS","scaffold_156",14723,17483,"+",NA,"hypothetical protein",NA,"PF00620","IPR000198;IPR008936",NA,NA,"GO:0007165",NA,NA,NA,NA,NA,"MEDTNPHHFSTSTFPQTSYKIFSNDLGGGSDVFGRDSIYPFPQFTRRYDNEAPSLDLINKAWDLVFETPEFIPPLIPFTQPIECGVKRKFNDASELCVDEDLVNAMNLLHLTRDPYTDHALKQQEEQLKRMEQEESQVHEKMMVEKMKEFDQPQNKIEEGKVSQDGMELEVDEKLELSEPQLSVMNSLINEASLITKDPFPSPSEPDCRKDIPFVCSSTGTPTLSLTVGSCSNPSIPMVQAPTPNLKTSFSPTQSLKQRLVTFLKGPPSRKPCSMLSHPKHRDSLYASHMQIQGAPTSVSPYSPQLTLPHYSVKYIYQIENPVMRESAQRNAARCLPNFQWKVGKGNEPTELQGGFSSMDRPTKKTKFMKFSMFEKFKMRFKRTSSLFSSKNSSSSPLSSTSAGLNPFTPLLHYHETQVVHLSFLDIEIPSFLFVLWKYIDRDEILSRSGVFRMNSNTEKVLTFLEEYKVVALDKIQNEPLNPNYIFEPADILKKWLRENPSSIFPSHYNLTLQELSKSTLCEDTFLLLKNVIFTLDSLPQQVLKFILYLTHRVLKFSSLNSMNELSLARTIGPNLFSFTDMTSISSFDWAIQIFSMLMQKDVDFWFTLPTPIDPFPRS","Sporangia"
"14",44.9342136239147,4.19346304364527,0.922110443502719,4.54767980689604,5.42405738591806e-06,2.70629366038611e-05,"HMI54_002781-T1","CDS","scaffold_1619",635,1613,"-",NA,"hypothetical protein",NA,NA,NA,NA,NA,NA,NA,NA,NA,NA,NA,"MHKVSYCRHRELLSPSPSVDPYYSSPFFPFYFSLLTTEGTMMSHFPITFFRDFDGDGSTQEWENLRLLRDVAVNIKHYNEGIFPGFDAEVGEPMEEEEQERMFPEYVVLNEENVWEEPIFTSLSRCSSLTSLGGDYSDYLSEEKELSTPHVPKIKSIKLIYSPMKDSGIELDPAHECATESMAKGTSKKRHRNDQAPYSSHMEDNRTEKKRRKNTARKTESVRTYSRKQKKEIPVDQPAQLRKSNALESKAKINPRKRQQSEEAPSSLAVKKRKQSAKQVKEIPAVNDSQTPKSTSPKSKQTPHREDSDPEKRVKKSTAKRQRHC","Sporangia"
"15",6.89897792277553,3.33200108473225,1.08395241175235,3.07393668634,0.00211254260840562,0.00616349199198603,"HMI54_002950-T1","CDS","scaffold_1663",4141,5416,"+",NA,"hypothetical protein",NA,"PF00079","IPR023796;IPR036186;IPR042178;IPR042185",NA,NA,NA,"SignalP(1-25)",NA,NA,NA,NA,"MIGSNYFKKILLASFFFCLLQNVYPQLQNGKWVDLYFMDEDDSPTTESLAPNQKQSESQAPPVSDIPTPKPVKEEEVLRALKKIPQFTAEILRKLGRDFEAISPIGLYSTLAVLWNLANKDSPSEIELSKLVNVQPTVLKAINDYLSTLKVTSLNLFFGRFNSENGLSNKAFEVLSHSGTKVSKEVAVLSKYVSEKTNNLVTDVEITNIETDVFLNIFTLKFNWFKNFTRQELSERFNEKGAYFMELEEDLRFITNDNYDAVQLEFSSGTGDTSVALPDVYSYMIRKKKGSYTFEQLLNEVHTKMKDIHKSKLKFLMPSYVLGQRIKYNGRDFPQLLRGRSDDFTSTLGKIEGISLEQSTIVCVNEGGASVIASTEAAIYYAQFFNDGTPRITFNSPFYHVIVEANSGAPLFFGKITEANDEPC","Sporangia"
"16",64.2987840430746,8.3554636423855,1.47344419267932,5.67070248326942,1.42213178464146e-08,1.15392195686034e-07,"HMI54_003716-T1","CDS","scaffold_1882",3498,4945,"+","CDA2_2","chitin deacetylase",NA,"PF01522","IPR002509;IPR011330","ENOG410PGYG","G:(G) Carbohydrate transport and metabolism","GO:0016810;GO:0003824;GO:0005975","SignalP(1-20)","1 (n4-15c20/21o378-400i)",NA,"CE4",NA,"MRVFLNFVIYFSFFFSFTLSAQVPDLATWCPNCPIPPTTVLQNLFNLQDTVFKTTGNCGDNICNTAIGEHCGTCPGDCGKCEFSTLISSCVSPGQISLTFDDGPTTLLSGYLDTLKSNNVTASFFLNGVHIMETININSIQGKTAGWTASPLSQLVKRAHDEGHIIGTHTYSHVGVALGTTDENVPSPAKSISLSTLRMQMLVNDLVVYDILQKYPLAFRPPYLEMNSTVLNALESMGYLPISINLDTTDFSGVPSNEITKIVTNAVNAKSHKNGFLVLQHDGYPNSLQALAQFIPLVKQAGMTFVDLPTCLGKPVSSFYRSANQSLFNKGNANSSSSPPSPSLPSNATNTSSTLVSPTSVPTSKSASSSKSQLESSFSLSMIRISLFVNVFSTLFFFLFM","Sporangia"
"17",7.24555821412053,3.01185851669004,0.717905258392947,4.19534260472222,2.72459434591567e-05,0.000119173313666881,"HMI54_003809-T1","CDS","scaffold_1906",4066,5037,"+",NA,"hypothetical protein",NA,NA,"IPR036186",NA,NA,NA,"SignalP(1-25)",NA,NA,NA,NA,"MHSKIFESLLLLTLLFFSLHYESSGEPAEILQGPNLESNGMWVDIFFSEFDEPSVKEAVLSKPPDSVSESHRLNKNRPQTTKPSRVPAANVPNQARVQMNLEPYQVFEEMKSFSTVFFSSEFKNNLEGLSPAGVYLTLNRFINFPQKNLPSHNQVIETWKLNPFTVSPKSLVTFDKYLATNHIDSVNLFYQPPGSENLSREFLNALSSSETEVVYSEDELSNRVSEKTQGQVKKVQLPHGSTQPQVLFNIIVLKFNWFHSFYRTIYREEFFTDEGGILGLSFAAKRGDFAFTINPDYTAFKLDFTKDPNANVKERLEDFSAYFV","Sporangia"
"18",85.8846698231041,4.45991724174621,0.489178353011975,9.1171598544489,7.71187897031009e-20,2.16846213555409e-18,"HMI54_004037-T1","CDS","scaffold_1979",2268,4517,"-",NA,"hypothetical protein",NA,NA,NA,NA,NA,NA,NA,NA,NA,NA,NA,"MRSKNNQSHGNHKSFQNKFGVSHKRHPSQEKKKASSPSSKKTNRGSFPSEKQMTSEFFRETYTPFSYSEIYTNNTFRNRLNDFDVQQFLHQNQIKNLHSEVEVRKNKNAKKINSVSKIPYAPGQSSSRQEESFNSGAWLFDLEVAPQWFKKALNKNSLRTDKQTGHSVPVLEFKKSNALPNSRLKGKAHRKQADVVDDALLPEKNTHSSRKVYPSPKSSPKQFQSENKKQKKLTSLFLDVQEFYMESENTINHVDLPFESSSHTRLARKTVITSEPSQHISKTFQQQNKLNIETCQPPMVDTNIEVESPIAKLQSDPWSFDNFNSTSWLSSHLKFVQFYEKQFKSKTNPPILERKIQKKLKCKLIRKKSENVNAPCPIETGAWLFELNLTPAWFQALIKKHSDTSTLLNEKQFNSESQTSLEITVNKTDELSFDINSGSWLFDINTSPDWFQNLFLQPYTPRRLCGFSCHTPTQMTMEQVVYLKPCPVRLPSVYTHEDIGFYSGGWLFDSHSMPEWFKNAFNTKNLKRRNDDVIEESDQFKRQKHSESKSIFSKETSLKNGEELNNVHYFFDSAISPPWFKRCLPSSLISSIVSNQFSQFNTLAYPLNSYDNKYPVSFIPLSDLSAQKQHSQIPLTVNVSFPEAPLHRQSHLFPWFQNEIHEYESQEQESFDRFLTAFQRPFWTVQVSN","Sporangia"
"19",8.28994089039171,4.42015377921081,0.87740020344858,5.03778522256731,4.70949466792283e-07,2.86186912425732e-06,"HMI54_004068-T1","CDS","scaffold_199",11535,12351,"+",NA,"hypothetical protein",NA,NA,NA,NA,NA,NA,"SignalP(1-22)","1 (n6-19c27/28o249-270i)",NA,NA,NA,"MAPLRVLLLLFLSMSLPALISVQTVASQGKLGIQNTKPLTFRYANNIFEFGPFKVDFSQDTEGLTYNLSTFLAYFATALDIPTSSGEIADNVFKEKLASVAKEMLETFQDPKVSPFLFNMFLTPENQNFIQQNHQEIKKYFMSVKESLRVMVQYLTFNCTPGVCTLDESKIYDSNEWKTYSDLLIYKIYSGLTDGLASWGTTIVDKCNEELKCTVEIIRSARNLKGTTSNLPGSTFQTTSFEDSSATRVFQSIPSVIFFIVSVLFGHSYAF","Sporangia"
"20",2.40957336604746,-2.42933827846888,0.833962933810658,-2.91300509888181,0.00357968756219647,0.00985268711695959,"HMI54_004257-T1","CDS","scaffold_2017",461,2213,"-",NA,"hypothetical protein",NA,NA,NA,"ENOG410PPEK","S:(S) Function unknown",NA,"SignalP(1-28)",NA,NA,"AA11",NA,"MALFFCTLIKLVCLVLLLAFQDFASAHAGIIYPLSRIDSSFGMIPRHYITFPMLDDEAKANGFSEFFDENKSERISKFFPCGTGNATTSHLINPNEPFSMNISVGNPHGGGSCQFALSYDNETFVVFHQILDTCLKKETHLRELIETNVLGKMEKVTEVINEFTINFPKNLPGGKAILSWSWITNDHENRDYEFYHSCLDIIIKGERKGNFTGSPMVVANYNKALNVYKKHLESAGNLKDELGFAEDSRDYLAFPGDSKDYRFLYETNAKVTLTVNEDGVQVHPKEFKKTRHLRNDVANYNKALNHHKKNLEVAGDSKEYLAFPGDTKDYRFLYETNAKVTLTVNEDGVQVHPKEFKKTRHLRNDGK","Infection"
"21",43.6394465318079,-4.58964718782538,0.315758180576304,-14.5353231369924,7.23712179328274e-48,5.03479076480963e-46,"HMI54_004272-T1","CDS","scaffold_2022",2755,4267,"-",NA,"hypothetical protein",NA,"PF00079","IPR023796;IPR036186;IPR042178;IPR042185",NA,NA,NA,"SignalP(1-21)",NA,NA,NA,NA,"MNFKALIPVLLFLLVSGSIFGNSITSKKKVVPNSRSKKDTIVSSTLSIKHKESENAASRLPFTLNNVNDDSFTMCSTLNDHSNISSFVNIFNDDGNLKFSEASFFLNNSSVLKRSLDSSTSKFDKFRYQLTSIGYSAAANMDNKTAFFFSPWGFYSLISTLKFIPVKNSTVFQGLQRRLSSYNFDSNDKKFKNLMTYFSKFQKYLNSVTVLYHPNPVSEVNESIRCLLNEIGSGFLNNKDAYLKFITKATQGNIKNWPFALKDKKNFIAYNSLSLNISWSNAGRKMKRYFLKFTNKEGKITKTRSILHKLNTTYGNTWNFEACRIPLYMNLPTDTLGNLFETLILHEDLGTKPNVFQGFHVFVIKRKNNNLKFPELWEKVYKRLHTTLTQPLQVLLPPFTLKGGITLPSTSLRIPVQRKQQDDFTGLNASTQFLIEHETQLCSDEAGINTHFRREPAPLHLKGNTFVLDNPFLFVVADSASGIPILVGEVDKVMDKNEYCSVD","Infection"
"22",7.28663606350975,4.73296619799285,1.19616217369641,3.95679306875831,7.5962679211067e-05,0.000304681322680572,"HMI54_004402-T1","CDS","scaffold_2062",3606,4398,"+",NA,"hypothetical protein",NA,NA,NA,NA,NA,NA,NA,NA,NA,NA,NA,"MYFRINPVVFIILISSMVGTFFQTAVAQLTQNATMPFRRNLVNGTMGYGPYSLRKIDNELFYEENSFKKFVRCITAKSESSADPCVKKLLISTMSVSNDTAQFRQFYSQMQVQFGEACNSNCAQNYLRSMGAISNQCIQEIDASIAGRNYTAAVLEKKQSAATRIGNALVSFIRESECVRESTGSRELCSLRFLQFTSENKLWIKAPNPT","Sporangia"
"23",21.863769307195,4.00583836900449,0.957434519672758,4.18392933061745,2.86513211280145e-05,0.000124779364005978,"HMI54_004678-T1","CDS","scaffold_214",12623,13318,"-",NA,"hypothetical protein",NA,"PF16561","IPR013783;IPR014756;IPR032640",NA,NA,NA,NA,NA,NA,NA,NA,"MSNVKTTIPLFFKAASHVQEVVITGTFDNWERSRKMEKATELHGWTIYFTLLELDNNVENQKILFKFIQDGEWCCSEDYQKDYSQGYENHSLLYTSDYKPPLQFQEYVEGSMKIEEKLLYSSFERNVKDSKLYGSEDIVAVPLTNLKKGIGKKIKRKVGKFILKWVTFLFTNFVFPKKPKCYKSMYVPIVRKPSQS","Sporangia"
"24",409.25821054042,-6.35798974774859,0.999731861874894,-6.35969502444869,2.0215471509765e-10,2.25083572293589e-09,"HMI54_004932-T1","CDS","scaffold_2229",1147,1948,"-",NA,"hypothetical protein",NA,NA,NA,NA,NA,NA,"SignalP(1-18)",NA,NA,NA,NA,"MQCSLFLLIVLHLTCASAWAMATLQKIQTDAFIPSNTNQGGQAEQNILDTPYLVKRKTPFKFSIGEQEIQIFSQAPCNPQQLFVGYVAAILEDSEKDIEFNNLNMLERFNIINRNVSSIFRYDLRIKDDFFSSYFGANAEKLLRKVLENPKNWLKDNEKKIKTMLSTSDDGATGVLSCNYDGSALTNLEVTLTYFDYLMLQMTILGEQISILRETYERDTIHSCLTFSDPKRYWGYKISWSCVAKRIHEYNTANNNDWTRMLQETP","Infection"
"25",9.35309565992064,4.15815106548698,0.849157762956672,4.89679450260074,9.74126134330101e-07,5.57927459477922e-06,"HMI54_005636-T1","CDS","scaffold_2471",329,3452,"+",NA,"hypothetical protein",NA,"PF00620","IPR000198;IPR008936",NA,NA,"GO:0007165",NA,NA,NA,NA,NA,"MENSSAYRLKISNPSLPCTFITNDIEKGEKVFIEASNYPSPPFTPYYNIEAPSFGFINSSSDLMSENYEFIPPHITITQPTEIELISKLNDDVSELNVPPLITSTQPHKNELISKVNDDVSELYVDKDFEIAMKLLDLLLDYFPDDTPKQDEEQLKCMEQEEYGAQEKMMVEKTEEIDQTQNEIEEGIIHDGMEVGVEHKLELSETQLSVSNSLVIEQPFLITEDPFPSHSEATCENKDIPFNVSAAIPTPLSTVESCPSPITPIVHSHALTLTPIPATTLKSSFPPTQSLKQRLVAFFKGSLSRKSRSIPSYPKHQDSLYVSHTQIPGATISLCPNQLHSTTSQNSEKLIKEIETPVVRESAKKKTARCLPKFKWNLRNPSKNKGSSNESSGKDRKTQKKNTFTKFKILKKFKLKFECVSGLLSLKHCSKFFSKSSFTSAFTSSSTSTSAGLSPYTPLLHYHEPQSVPLSLLDIQIPLFLFVLWRYIDRDEILSTSGIFRMSSNVENVFAFLEEYKCLSLDKIQNEPLNPNYIYEPTVILKKWLRENPSSIFPSHHNPTLQELSESTICEDTFTALKNVTISLDSTNKGILKLTLYLSRRVLTFSSFNSMNELSLARTIGPNLFTYTDMTSVNAFDWGIRIFNLLLQKDLDYWFT","Sporangia"
"26",59.0388013705371,2.58292477608789,0.437537823907207,5.90331769039395,3.56263280957927e-09,3.2087552202349e-08,"HMI54_005777-T1","CDS","scaffold_2514",443,2794,"-",NA,"hypothetical protein",NA,NA,NA,NA,NA,NA,NA,NA,NA,NA,NA,"MRSKNNQSQVNHKNLQNKVGASHKRHPSQQKKKASSPSSKKECRGSFPSKKQMTGDLFRETRASFSYSEIYPNNASMNRLNDFEVQQLLHQNQIKNLQSDVEVRKNKNATKKNSVPNAPFAFRQSISRQDEIFNSGAWLFDLEVAPYWFKKALHKNSSKSYKQTGHSVPILELMTSNPLPNSKLKGKARRKQTDVFDDELLPDKNTHSSRQIYLSPKSSPKQFQSQDSKQKRLASVFLDVEDFYIESENTLRHQALSSESSSDTRFVKKVVSTSESSNSFSATLQQKNKLNIETYQPPIVDANIEVERPVVDLQSDLWSLDNSNSTSWLSSHLKFVPFYEKQFKSKTNPPILERKIQKKLKRKLLRKKTENINAPCPIETGAWLFDLNTTPAWFQALIKKHPDTSTLPSEKQFNSETQTSPEITVNTTDDMSFDINSCSWPFDFNTTPDWFQNLFLQPYTPRRLSGFSCHTPTQMTMDQLVYLKPCPVRLPTVYTHEDIGFYSGGWLFDSHSMPEWFKNAFNTENLKRRNDDVIEESNQSKRQKHNELKSVFSKETIFKNGEELNDVHYFFDSPMSPQWFNRYLPSSLISSICLDKFSQFKSLAYPFNSYYASGLHANNFQPTSSFHYVSISPSSQWGSYDNKHPVSFIPLSDLSAQKQHSQIPLTGNNTFAKAPIHCENSIFPWLRNEIPEYESQEQESFDRFLTAFQKPFWTVQVSI","Sporangia"
"27",396.73521469792,-3.23614704305324,0.155073098908433,-20.8685263003877,1.03474735323843e-96,1.41532392214137e-94,"HMI54_005931-T1","CDS","scaffold_2579",2688,3600,"+",NA,"hypothetical protein",NA,NA,NA,NA,NA,NA,NA,"1 (o69-89i)",NA,NA,NA,"MSSLQLLRNPSENSIEFLVTRDPNWSEYNKAIVSDIYLIGCIKFQIKVRFSNSKMFLTLSISQLQKNEVFYQGALIDLSIVCFYHSLIIDQQKNMNRTICFPHASWDLGEYKTFSSWLNTSQITLRLTFEFMYPFNLNSSLVFSFTEPSKTPFFRYLNNKEASDCCFQLKNNQELWVRKDIITFECSYFQKLLLGDRAINFNDKIASPWGDKLFICCILHLYTGWLPGSPICNEVFERLNLTRSSLKLDSAFLSELYELAKNIELQSLAYFSLKQVQNLAKQYQASLINNLIKMTLTTKREIL","Infection"
"28",16.2432121569068,3.23890456090602,1.02500594515747,3.1598885608497,0.00157829493260755,0.00475610160796972,"HMI54_006214-T1","CDS","scaffold_268",3681,5054,"+",NA,"hypothetical protein",NA,"PF00188","IPR001283;IPR014044;IPR035940","ENOG411E792","S:(S) Function unknown",NA,"SignalP(1-23)","1 (n6-18c23/24o342-363i)",NA,NA,NA,"MHHSSLTFALFFCSAFLFSITNAQYVIDPSLKNLMMDAHNILRNAVYIPVNLTWSDSLAQEAYRRTLDQQAICGLTHNGVTRTLGENLAMASGSNITEDITKRLLNLWISEGYKPNDYSHWTQMAWSGTREVGCALKVGPPQCQFVFLTCEYYPPGNVVGRSPWSDSGIPPNFASITNLPALTLTNHPETLFPTLYNPSATASPTILPFTPYTTTSISTTTTTSTSLTSYVTVTFTQGTTSTITTSRMTTMTIPVTTTITRTVTQAVPTMVPWPVQVPSSPPVFKTWPVSINGDKTIRALYILLIEFTRLFPNGIVSSFQRDPVGTGKTVVDIYNALSTSSLSYSISTYMIVVISFVSVWTALRLTR","Sporangia"
"29",10.6498122151531,2.54320208364394,0.605816852217904,4.19797183642753,2.69316114589292e-05,0.000117926263957438,"HMI54_006965-T1","CDS","scaffold_2942",983,2803,"-",NA,"hypothetical protein",NA,NA,NA,NA,NA,NA,NA,"1 (i351-373o)",NA,NA,NA,"MLYGQEILYMKGAKTLDLSLSTQDITLGSYGLSPYVNRCSVQEFCLIVNDLFYLKKEDNKTLLTLSPDNDSPIRFRINGFPAKEYEVFFCGISIEVKEDGETDFWNLVYCTDNTCESNNDVYFYHTRLPSINTWADLYKKETLTLIVHCESEIFKDETIITTNSSIRIPLKFKSPRDRDDLELKRFEKEDLQNFLAKNSSDNKELVSTFIATSFFFLRKSLCFGKNTPFFGIGRKKYDPEYFYISASANSSNSMEVETRSFSNSNVHFSLSRKTEENDPSCLYLMEKKHSKVLNSNLHSTLSPPDVHQQTSTSNLEKRQHATSLDEVESVKKKASGANGNISMKRRIYSNFLDFFSISFIVSFLVFFFVFSVFCEFLDL","Sporangia"
"30",33.8871447321085,2.11452246055153,0.299099249162232,7.06963480006799,1.5534196819046e-12,2.36302357972252e-11,"HMI54_007559-T1","CDS","scaffold_3145",876,2553,"+",NA,"hypothetical protein",NA,"PF00079","IPR023795;IPR023796;IPR036186;IPR042178;IPR042185",NA,NA,NA,NA,"1 (i12-30o)",NA,NA,NA,"MHKKVLKMTKSYKYYILSIFFLFFYGFPFTRIHGLPSITPSYPNTPTILPPEQALCYCPSSFSRNAHESPHQTNLNMASSTPEDFKAAPLFMDASQAPSASNPDDHVLKAFDHAIHPSVTHESVSNDVNTLNVSADVDTSSSDGPSVVSPPLLDSPEVSSLVKVGEEAQEEGVPESVLPVPPSPPREAPEALPLNEETVFEDTMPFHLKYLHSLKNEFTAVSSVGFRILMEIFYKLLKKDSPSYIELLHRWKQEPEFNTNEDFKEMMTFFSSAGIEFTNYYFSPSTSTPSLNQDFQKRLTDLDIFVATDAATLNEKVKASTQGRIPSVSIPMHDPLLLNTLTFQLQWRYPFERENIIEPFHAHGGVKRAFHPMYLKEVLTVVDTTEFQAVELPFLTHSEVSDPLMQEVSGYVISLKTKTSLTEVWTTMMTFMATYESTGKKVATHLRMPSFLAKQELTLTSIQLPFLRTLPNIDGMVSMTPGRQHMAVKQVSVVCVDEKTNSKERSETRMLPNLQALKPILLNSPFYFVIISRLNKEPIFVSYIDNVFQPSESCPTIP","Sporangia"
"31",29.9881123769378,2.3388021180292,0.351517058267812,6.65345269317578,2.8629586605721e-11,3.56544388747174e-10,"HMI54_007856-T1","CDS","scaffold_3259",1191,2932,"+",NA,"hypothetical protein",NA,NA,NA,NA,NA,NA,"SignalP(1-22)",NA,NA,NA,NA,"MQFFYLIPILFFFCSVSLKAQGNTKDVPPTSIHKEEDNVGKHVSRLHFKVPLFGFNYDVDCTNQQQMTELLSKMRAAIVEYTTSYNLEHLKMINRDLLNSKLNLFLDNPSKESFDELFLFLKKSTLSYILLTEEPLIQKLSTSFDQMKMEFGKHIEIVDGMFDASKHLVLRKWAVSQNKNKDFKLEFEENGMSMEHEIILTIPVKGEDLLRSYDERSVEFQNLDYAAETFHFSLTIFSAFLRYTFPLRKLVYCTSYGYFPGVKTFTPVPSSSNPTSSRIAPYYQLRLLGIIKYINHKKKARRQPRRIESSLKCKNVPEEIHKQPLSFLEGKIHNILFEFISFFHSIGIETELTREDYEYDLILGQNYARAHFHKSFVALLGIIPNEYNELKVHLKQYYYSFSSFFEEAEKAFSNLEKYNDRRELKKFKSTSSQGTFFQLLLKPNGVFFAEWGPVVDLNIIYDAMGNSEDEEYFYFLRQLYLFTESLLEYQELHIRYMFLEMWRRSCLV","Sporangia"
"32",3.11659579955526,-5.0745753942208,0.914458862116997,-5.54926591500576,2.86871567454623e-08,2.19021149418998e-07,"HMI54_008324-T1","CDS","scaffold_3458",126,1358,"-",NA,"hypothetical protein",NA,"PF09668;PF13650;PF13975","IPR021109",NA,NA,NA,NA,NA,NA,NA,NA,"MDRTFPGGNRFKINRPIQSVAQSCRYCDDPRHLRGECPKLRRHLQEGCIFISPRGTICWADSKEDMRGPNFFSQVENYLEEMTAREQNQPGTQNPPKTVRSIRWNPGSTEAGVNALATQERDVQMRDVGDRIVNPDMYTYREVSDRANDLLMEAFAAGTTEVPNSVFLNHPEIFKRHRLIQMKSKKREGGETGNFPNNGLNQVMDHLIPNRLANITPSPNQRENLTCAPCGYINVVINGTSVRALWDSGAEVNLMQEKTARSLGINVTEGPSNIRAFDGSLSSTKGGASSVLVDIGGVHGLLYFVIVDRANDEVILGRPFEMAFQTTSAVLGDGTYTGTVQNHDGTKKVSLSILKGNANRENVSGFGTHLTQSGKALNLPFARVNPEYENLQVVPLGRDNTGFGSENKLT","Infection"
"33",19.3421363678257,4.89407006643385,0.901081191721228,5.43133084054867,5.59353229793284e-08,3.9911410826099e-07,"HMI54_008373-T1","CDS","scaffold_3486",1055,2234,"+",NA,"hypothetical protein",NA,"PF00620","IPR000198;IPR008936",NA,NA,"GO:0007165",NA,NA,NA,NA,NA,"MFKKNKHSCTIDSVNSTSSTENGEISSHKHPTFCYEVIDMELRSKLQKQAADALSFPEWDVKETEKNSSSSLKSRFWKKFTCLFTNRKQNFKPKESGFKYKKEKWIPHATLNMKLPRMLNTLEEYLIQSTLLKRNGLFRINGNYEKIEKFIKEHAKYKQKNINSNIQSQKYTYEIADVYKRYLRERPTPIFSPSLNKKLKELTELEPSKATFEKLRNMIYLLDVESQQILKHTLYISSLVLEYQSFNQMDSACLSRTIGPNLFQISDIHSINSLNWTVDIYELLLMKHVDYWFTLPLQEIC","Sporangia"
"34",15.2252767628161,2.40238222819197,0.495093184698816,4.85238396010931,1.21986160692962e-06,6.85535039548886e-06,"HMI54_008445-T1","CDS","scaffold_3515",190,1962,"-",NA,"hypothetical protein",NA,"PF01522","IPR002509;IPR011330","ENOG410PZHM","G:(G) Carbohydrate transport and metabolism","GO:0016810;GO:0003824;GO:0005975","SignalP(1-21)","1 (n8-18c36/37o494-513i)",NA,"CE4",NA,"MLRNFLRITLVLVTIAVPMHSQNYVLPSLSSFCARCKQLPSTAYKSLKNLHNTLPDPKLSRCGDGVCNTALGESCGTCPEDCGACKFTSQLRSCVNKNHASLTFDDGPSEFTPALLAHLKRLNVKATFFVNAYRVNDELSPSQLNLPKGWTSSSRFAQIIKQAYDEGHLIGTHTYSHEALTGGNPDIQESQRSTLPLQALRMQMLLNDITIKDIIGKAPLAFRPPYLDMNVTVLNLMESMNYIPISINTDTKDYSFQQGNLTHSTHAILNQTNNELLALNGNEGPLFLQHDLYESSVAATPMIIENLRAKKFELVPLDVCLSIPAENFYRKENASPFNKQNPPSSAPSSPSSSTLTSAPSSSLPTSTSSTTITSVSTSPPFHSSVSIFITTSVTTLSLGVVRTSTLFKTITHTRDGPASITHSPALVLQDLVTKIQTLPPIQTQVPESTSNKPSSNRGKDVGDKKQLNSSQTLPANFAFLPPTSKAFGLSCPEFILVVLESFILRAFMYFLFFS","Sporangia"
"35",5.60205222461501,3.83333265644416,0.925779436008659,4.14065435820321,3.4631647000455e-05,0.000148028279286902,"HMI54_009273-T1","CDS","scaffold_391",2091,3210,"+","OPN3","Opsin-3",NA,"PF00001","IPR000276;IPR017452","ENOG410UTSU","T:(T) Signal transduction mechanisms","GO:0016021;GO:0004930;GO:0007186",NA,"7 (o20-42i54-75o95-118i130-151o180-200i291-311o331-349i)",NA,NA,NA,"MTDNFLEPPILNPEFRTYAISEIFLCSIGCTLNGFLILILVWNMKITIKKPSSILLLNLAFWDFCFGSFMLSMSIKKLIIEKIFWDQFDCTIEGVISTIFGLNSFFSLFLLSTDRYIIVVRGKIVELRKCLLGIVIGALLSSFVAASPLLFDSNTSFTLQPSGYYCLIDLSRKRPNLQNSMYLVMIFYSLCMILVTINYVQIIHKIVSTRAELRNAYLKSTDTASFRSAPSFIMQPSKNSVEFYSHEESELETQTKKKELRIENFKGSHIMKMKGSRNQSKSRKKLLEIQLAIRTIYISSTHILVFIPYAINFILQMAIGQEIAKPFDLAGIYSFFIVLILDPLWSLVLDQQVKKLIMKAISDIRKKFFNLS","Sporangia"
"36",4.52309946581327,2.54446349464581,0.841892668934305,3.02231339995712,0.00250850688082074,0.00720671076120447,"HMI54_009765-T1","CDS","scaffold_4098",1380,2241,"+",NA,"hypothetical protein",NA,NA,NA,NA,NA,NA,"SignalP(1-21)","1 (n7-17c22/23o265-285i)",NA,NA,NA,"MMYTWMFLMAVFPLVIVPTLTSFSAPKEVPLGLQDGGDLPRYNFGDKDFLSFDKLQVPFDKAIVHPCEAIPALLGYIASSLDFPQELNQRPMDNFLSAIKKTNQTLIDIFQTFEVHPFLFGSIMNEKTHLLIIEHRGELETYLKGQQSKIHQILVSDLCTCTMQTCTFSQENPQLKELSYTDLLIQHVTKTLKAKPTYWSKVGMQRCDTPNHILCELQKIKAAQRNSLSSPSSPAIVNQDPSKLNKNGDELVLSSIDTPTSTGVLTLHAGGPFSFLSVLLTYFIFF","Sporangia"
"37",406.60287526799,-6.01939015822123,0.302196449077613,-19.9187984392076,2.79620329677179e-88,3.52583759452318e-86,"HMI54_009789-T1","CDS","scaffold_410",3182,6786,"-",NA,"hypothetical protein",NA,NA,NA,NA,NA,NA,"SignalP(1-21)","1 (n6-17c21/22o543-567i)",NA,NA,NA,"MKYFPVFLGLHFFLFLCATSAFHDNFLKVKIPKIQSVAVNGKTIANEENSPIIIQKNYLHFEIRTNLEVDRRPFKCKITASFNLRTSTSSPNESIELNLAYCMLDECQRGVLSHFVNDQIKGLTDMQQLNNQRLEMTVRCIDPTSFSNLNDNFFLKFNLIPSVPTSVPLKNVSFLDEIKERRELHFPVEYFSEFIATEKKIIFGRKIMQFVVSMTDHYLTSYEIRNFFAPHSASVNEDFENKHFSLVRPIPGFISRFFFQGYEVIPSIWETKTLLRFPYNVSLDNSLSFYFRFERNPSFQGPYQCTILGRLSYSGKYSFTTFVECDQDQCEEPMYSKFFIHRVPRLTQVSQLHKAKLKLFVYCKDHSKNTPHPDVEILMDWHIFVNSNPPIQGNLISQTDMVSWVSDTLFHKKEPSLFAITSIGQRGNENVGLLFGTRINATCNETLCWRKPHLLTDKSNFIAYLKSGDKSSMIEGSIDKSSSEEIIEKITDLINSIPLNISSKLEKLQSLKNTSLINNSIGNSDDTTDKQINTEDLSLDHSYMLLFVFGFFVVSFFIFLIVIIVFCRHAYSLLHLLVIGSERKRKM","Infection"
"38",342.584049077388,-6.11762554227286,0.291765814063306,-20.9675885501291,1.29672029020931e-97,1.80422978310158e-95,"HMI54_009790-T1","CDS","scaffold_410",7879,10423,"+",NA,"hypothetical protein",NA,NA,NA,NA,NA,NA,"SignalP(1-21)",NA,NA,NA,NA,"MKSSRIFSGLYFFLLLCAISAFHEGTFVDKQKLKYLNIKVNGYDLKSVENITIDKNFLHFKVKTDIDTQRRPFSFQINATLHCKALYVKKIGIAFCYQDSCRHGVVSHFVKYQFQNLTDMQQLDQCAVSFDTKIDNNFGDVSIFFKKVNFLVPTSIPMKDVSFLNEIKENRKVLLPIDYASEFIVGQNETVGRAVKDVIVDNEIQRTLEPLKKENSLENAYEDWTRIFSPFVLKFYFHSYDIVPSAAGTLLKVDVPFRIELDTPSILFSFDLHPSFQGPYQCTILGKLRFPSSSTDDAWMAVLECNQDQCSTPMYSTFFYDRIKGLREGTQLNHAHVHLYVNCRDRSSSTGRPYPDVELLLQWNMYILSDIQALPPQTDIESWKNNRLYV","Infection"
"39",6.83171319990273,2.35806975851419,0.656972655813934,3.58929665891915,0.00033157134728082,0.00117050777452153,"HMI54_009932-T1","CDS","scaffold_419",356,1559,"-",NA,"hypothetical protein",NA,NA,"IPR036186;IPR042178;IPR042185",NA,NA,NA,"SignalP(1-28)",NA,NA,NA,NA,"MGIKISYRLALMSIFLCLFIQAPQSAHGQAKMNNGAGGTCSALSKKSTDKISETLDNLMDVMIEKFQNVYSSISPAGLYHILGLLVNVADENSKSLKEIEEGWMVKKKENKPNDLFNFNREIKKLNFNSSVLYYYPKSLGKPSSKLSFVVKESGGLLFQEKGTVNYQISKKTGERLKNYELPENEKSNVILNIVSFTFQWVDDFVSVTNEEFVISNKGKVTLGRTMYTKSDVPYFEKKNCKAVQLYLKGQDGKRIEGMSVYLIDTFGKLLTMIAWDEAFVGLKKGGKTKNGFQMLKFNLDAEIKFDTNFFPKLLSAGNTEFKSVADTVEFKFRQKILSCVDQNGSRGQGIPSKSKENISLPENVDWFLFSDFYFIIADDMIGIPYLIHKIDKSLESKESC","Sporangia"
"40",16.9690017488646,2.03176118589836,0.519641906525382,3.90992558603262,9.23245584522982e-05,0.000364154050200414,"HMI54_010118-T1","CDS","scaffold_4271",69,882,"-",NA,"hypothetical protein",NA,NA,NA,NA,NA,NA,"SignalP(1-21)","1 (n4-14c22/23o252-269i)",NA,NA,NA,"MFSFVVLLLSLLSISIPPLVSQNAVTSTSQVGVQTSNPLRFTYKKDLFLFGNLGTNFNAENSVDICQRVYAFLGFFASLLDMPSVPREQLNDAMTRKLLSMSKEFKELFEGKIDHSFMLTFLSTMNSLGYNEIFKADISQYFMSVKNSLAQIATTSTCQCTDGTCIFSNPIQNAPVTYTDLYIYQTLRLSGKGPSYWDAEKINGCRQDPKCLVDVVKKSKSLPPTANSPGGNFHTTSHEGESSMVIKVFQPVTPSTFIMVIFYFAFSFFF","Sporangia"
"41",23.0897495572632,4.1190660290856,0.724763804294148,5.68332193837575,1.32103256027495e-08,1.07793051177137e-07,"HMI54_010372-T1","CDS","scaffold_4405",593,1681,"+",NA,"hypothetical protein",NA,"PF16561","IPR013783;IPR014756;IPR032640",NA,NA,NA,NA,NA,NA,NA,NA,"MMALSAKTLSAHELGISFRAPITTTSVNVTGEFNHWLLLEPMRFLKEENGFLIFFLGIPIPEPKQIEKFEFKFVVDGKWMCSTEYPTKFDGLGNENNVFYYGEGLECPYLIKKSLSTNEDLAELQSLEKHYFQKDSALEVENIKGDNLMTSELKVENLNELTFNKNSVMEYETISETIPRTFLATDVNNKELLAPVAAFHLLSVQTINEDIAYMTSPYVKVEDTIEDKSLMTSRSVGVQSMNQGASELTSCVEVRDIQAASLITPYDMKMKDKKENSPICLLPTSQTENDKKSGNRSHGCFSINSIFKIIRRKFRTFSKRF","Sporangia"
"42",15.5613488024985,4.44948247254488,1.01715871124928,4.37442301121328,1.21754082467755e-05,5.70258529027735e-05,"HMI54_010380-T1","CDS","scaffold_441",1261,1990,"+",NA,"hypothetical protein",NA,"PF16561","IPR013783;IPR014756;IPR032640",NA,NA,NA,NA,NA,NA,NA,NA,"MSNFKNTIPLFFKAASHVQQVVITGTFDNWEGSRNMEKTMEFHGWNLFFILLQLDKIVGNEKILFKFIQDGEWCCSEDYQKDYSQGYENHSLEYTPDYKPPLQFQDYVDASMKIEEKILFSSFERTVKDSKLYGSEDLVAVPLPNLKNGFGKKMKKRIGKLMLKWITYLLTNVLFPPKPKIYKSMYVPTVRKPSQSWSIFNRF","Sporangia"
"43",70.2234266849856,2.80545965034085,0.519628690128443,5.3989698868386,6.70246217457875e-08,4.71157401993471e-07,"HMI54_010509-T1","CDS","scaffold_4473",372,1557,"+",NA,"hypothetical protein",NA,"PF00001","IPR000276;IPR017452",NA,NA,"GO:0016021;GO:0004930;GO:0007186",NA,"7 (o20-43i55-76o96-119i131-158o178-202i324-348o354-376i)",NA,NA,NA,"MPRVFDPLNPPILEDEQISLLTFVFIIMIGGLLINTFFNFILLRNFKQVIKNSNLVLCLNLSAADMIFYIRGLILRRPLLASRSFPKNTDPEVHGMLTYIFGSYALFSLVLIAFERYTIIVRGVQTTLRRLLLGMVLCFLLAIFSSWMAVLLVDIPYLYSDSGLYFSIHIGEVTLGGYFLTVYVLLIQLVALNLLIFCYYHIVKEVRTALFSGPSITTTYSLSLSRHPGSGIKKNEKSVDFKSINMTTVSTSLTSPPLPPPSSTKDPSSFPMSTTAPTTVSSGTEGTMSTALNPILSMTTTSSATFSRASRRSKELELQIARKALAISSIHLILWLPYISYCFLTLIGVTHLQTLDYCAVIGVECSSLVNSIFSLVMDPKVRKFVFDFFSFRKK","Sporangia"
"44",17.0193728786169,6.49270219319597,1.3704134234589,4.73776896960663,2.16083954535919e-06,1.159439835841e-05,"HMI54_010942-T1","CDS","scaffold_469",3078,3725,"+",NA,"hypothetical protein",NA,"PF16561","IPR013783;IPR014756;IPR032640",NA,NA,NA,NA,NA,NA,NA,NA,"MATQSASSSSHIFEISYLTSKSANSVKLTGEYDAWSQSNKMKFEKYELEPNKCFRIQIPTEKLLNPKKFIFKFVVDGEWHCSDAFPKEYDQAGNQNNFLIFNPNPFQSDFHAYLHRDSVLEVKEESEEHIQYNVDLTNSEKVLSNDLTQVFSMPMDSLQKKKKTSFKTKLIWRFFRCLSTRHF","Sporangia"
"45",4.44218174828978,-4.51746276067918,0.956895620597844,-4.72095666803949,2.34737948134265e-06,1.25203915495276e-05,"HMI54_010982-T1","CDS","scaffold_4709",1132,1885,"-",NA,"hypothetical protein",NA,"PF11327","IPR021476","ENOG410Q6XB","S:(S) Function unknown",NA,"SignalP(1-22)",NA,NA,NA,NA,"MTFAHNLVILAILGLGSRFVNGHGHLLESFTGFADFRVNQGGVNECGLVTLQAIAHAMNQTTPVPVVLGQNRTFQYQITNNDGAGGLTVAFDETGVGNAFNKRGTVVVQPPGNGGNLAGVVNPQTHPVTITIPSNLQCSNAKKICIMQVKQAQQFGSCVFVTPQAAAPSPPPPSPVTAQTPPFSFPLSASASAGSTSQPFQNSSVSSATLENANSGLGNSAFGLSVNGQSAFGQVPDSFGLAFSRFFRFP","Infection"
"46",1.70785116387075,-3.42472375696431,1.13769991384086,-3.01021711903141,0.00261061000066244,0.00747078819338507,"HMI54_011169-T1","CDS","scaffold_4807",495,1084,"-",NA,"hypothetical protein",NA,NA,NA,NA,NA,NA,NA,NA,NA,NA,NA,"MDEDNRRVTRSLSRFANVSEPAIRKEEINFPKSEEKLKIKKEDLEGTLMEDRIDLSEDEHSLYGTEEEKPKVRYSQRELSVDCLPMYRGGDFSKFYKEWTNAVSLHGERSPREKLFYLPLAFEPNVRSLVMESVYSLNGETPNYELFVKSLFKIHGAEMQVKKTVSERLREIIENKKRGMISLTQYIGFFDMNYEQ","Infection"
"47",5.75866225584781,3.80387230454873,0.980900371734133,3.87793950758105,0.000105344901597734,0.000410494136114781,"HMI54_011413-T1","CDS","scaffold_4936",506,995,"-",NA,"hypothetical protein",NA,NA,NA,NA,NA,NA,NA,NA,NA,NA,NA,"MIKEKKDEVDQRQKKIEEGMVLHDGMEVVVEQKIDLSEPQLKGLNSLVLEQPSLITEDPFPSPAEATCEKKNIRFTCVSTATPTPLSTLESFPSPSTPIVQSHALKLTPISLKTLKSSIPPPQSLKQRLVAFFEGSLSRRSQSIPSRPKHHDSLYASHAQIP","Sporangia"
"48",9.38392371194297,-2.08278201269724,0.67130201667726,-3.10260055973968,0.00191828363450772,0.00564777414464696,"HMI54_011440-T1","CDS","scaffold_4953",103,1546,"+",NA,"hypothetical protein",NA,NA,NA,NA,NA,NA,NA,NA,NA,NA,NA,"PKEKDRLQFSILLKSEYLHRASCWLRGVIIVGKKKIPSDFLYCEGRDCGQLLRTFLSQTRHIKKYKDFYGREIELQLFCGLDGMDILTSHNVWVTYKMPQNVNEDSNIDTKMSESNYENEENPKRFKGYYSKISPSTSNQLSSTLQSKNFTAGEFNTPSHFSCFDMKSLCLIVEESLAFALHSDPMQHDKHTLIIKA","Infection"
"49",2.42669761760528,-5.11265088794253,1.14057185489321,-4.4825329206648,7.37622591870759e-06,3.58807372899158e-05,"HMI54_011675-T1","CDS","scaffold_5047",225,1568,"+",NA,"hypothetical protein",NA,NA,NA,NA,NA,NA,NA,NA,NA,NA,NA,"MQEKTARSLGINITEGPSNIRAFDGSLSSTKGGASSVLVDIGGVHGRLYFVIVDRANDEVILGRPFEMAFQTTSAVLGDGTYTGTVQNHDGTKKVSLSILKGNANRENVSGFGAQPTYSEKTSTLPFTRVKPEYENLLMVPVDRKNMDSEFSEEKGQRFERQSYGNSGKKESLHKNNKPVTHSTQKDFDEQYKKNLKKNIMHALEKKYMDTKKNNSNNNNDKKKKSNLASLICNMMAEIDDEEQLEEIDEYLINSGSFYPSFDHLIQIDLERKEEVYLKVHTINTIRKKVADKVRPQNVPLPEDARLEFEKGKDEVMKVWDRLTPENISKIKFGDGLNQEEKIGYLEVMNRYQSVLGFEPGHLGRLKSCIENPLKLRTVEHQPWQLAPMKFSQAEWDEEEWVMEVYPGCQATQCRGY","Infection"
"50",5.63602536081525,4.92072449452459,0.909216838706158,5.41204725324591,6.23082405462409e-08,4.41076755445758e-07,"HMI54_011916-T1","CDS","scaffold_519",1893,3120,"+",NA,"hypothetical protein",NA,NA,"IPR036186;IPR042178;IPR042185",NA,NA,NA,"SignalP(1-28)",NA,NA,NA,NA,"MGIKISFRLALMSIFLCFFIQAPQTAHGQDTMKNGAEGTCGDMSKKSNNVFSGGTDKISETLDNLMDVVIHKFQDVHLSISPAGLYHVLGLLVNMADENSKSYKEIEEGWMVKKKENKPNDLFNFNREMKSLNFNSSVLYYYPRSLGKPSSKLSFVVKESGGLLFQEKGTVNYQISKKTGERLKNYELPENEKSNVILNIVSFSFQWMDEFVSVANGRDFTLKNDKYMAHTIFTTAELPFFRGEKLSAVQLHLKDQAGQRIEGMSVYIVSVKEGEFFMLNWDTAFVSLKKKENTVKKFEMAAFELDAEFEFDTQTFPNLLRPGNTEFQSVAQSVELKFKQKFRSCVDENGSHDADNVAKSDNTKELPLEVHDGLMFLPPFYFIIANDQIGLPYLIHKVVEPLQSNQRC","Sporangia"
"51",2.96901414448624,3.46537054655221,1.16384496302751,2.97751904818812,0.00290591586904115,0.00819329271702654,"HMI54_011952-T1","CDS","scaffold_520",7504,9148,"+",NA,"hypothetical protein",NA,"PF00079","IPR000215;IPR023796;IPR036186;IPR042178;IPR042185","ENOG4107AFY","O:(O) Posttranslational modification, protein turnover, chaperones","GO:0005615","SignalP(1-25)",NA,NA,NA,NA,"MYSKISKCAIFLGFLVLFLNLESRGEYIGTQKQDSNSNCACTCPYVGTANDVRGINSLSDFNSRSNNVPGTNDVPPNTVPVNNDVEVNPIPVNNDVPTNPIPVNNDVPANPIPVNNDVPANPVAVNNDVPVNPVAVNNDVPANTVPVNNNVPPNTVPVNSDVAVNPVIPQSDVGKNDQMTLEATQLLQEMATFSKVFLASNIKDNLEASSPAGLYLALGRFIHLAQIGSPSYQELKEDWKINPDKTSPQRLAAFDTYLGNNQINSVNLFYQPLSYKDKSPELTKALSASNTIFVHNQGDLNMIVNEKTKGGIKEVKLPTDIENTQVLYNILSFKFIWYINFVREEELSDFVVNRGERLKVSYMSTLENFVTTATNDYKAAKLDFIKDPNAINKEPLEDFSAYLVRLKSGKPLHEIWEEVHQKLSQEEKIKIRIKLPAFRTEQETEFESTMFPKLLQERNNDFPIIAKAASTDSLKIKMKQKTFVCVDEKGSVGGGVTSVHGGNFAAGPRTLEFNEAFYYIIAGNKVATPLFVSYVTKGMTDLKESCT","Sporangia"
"52",1.53814673206497,-3.46671759356875,1.03503934753742,-3.34935826528414,0.000809989853916637,0.00261031593165648,"HMI54_011958-T1","CDS","scaffold_5206",539,1511,"+",NA,"hypothetical protein",NA,"PF09668;PF13650;PF13975","IPR021109",NA,NA,NA,NA,NA,NA,NA,NA,"MSAPCGYINILINNVSVKALWDSGAKVNVMQERKARQLGINITEGLTNIQGFDGTLSVTKGGARSVQVDIGGVNGLLYFVIVERANNEVVLVSLSVLKGNAKKEGTLGFNASSTYGGLRDGSTSYRVDPKFENLCSVPIDHPTLGTSQQSTFSDENVLKNNNSQKNNNNSKKTLENNDLEKKTLHKKTEKKEEDKFIKRRQKIAHMLCNIMSTVEDEEQLEEIDEYLINPNACYPSFDHLIQLDLEKKEDLFFKVHTINTIRKKVTDKVQPQNVPLPEDAQLEQDGAELEV","Infection"
"53",3.1917642121527,-5.82557305215206,0.931088312064632,-6.25673523839453,3.93119958513186e-10,4.15790047863881e-09,"HMI54_012017-T1","CDS","scaffold_5249",26,815,"-",NA,"hypothetical protein",NA,NA,NA,NA,NA,NA,NA,NA,NA,NA,NA,"MEQEAKQLVSQESTQSLERKPQEGSGNNIPIEHKVQSYGQTGRQFQVPNFDDLPSPTQQEQATRGAPMDWFSSNRLNPFVLPVYEGGSFHAYVEKFLRIVKRYEHLTEEDRVGFFFERLDPNTQMLVRHSPHYRTKANLQELIKTIKRLLGQERESESIYELFNIYCQEVWEGKRTLEQLGIGCLELYKATPSIPVESIECLISPIADVLDDELYYKIIVPEEDDDVTLQGVLNRLIKIGGKKAPKVYGYRRANAGMQRLHRS","Infection"
"54",8.61039925527983,-2.88703325775814,0.482145591305105,-5.98788687446735,2.12584833332887e-09,1.99020835846449e-08,"HMI54_012269-T1","CDS","scaffold_5403",72,1412,"+",NA,"hypothetical protein",NA,"PF00077;PF03732;PF08284;PF09668;PF12384;PF13650;PF13975","IPR001878;IPR001969;IPR001995;IPR005162;IPR021109","ENOG41KOG0017","C:(C) Energy production and conversion","GO:0004190;GO:0003676;GO:0008270;GO:0006508",NA,NA,NA,NA,NA,"RAMTSSGLSQNSWHIILRKHLPPHTLDWFDSLEIEASTNIDPWKNIFFPCIFELFCEPQEIHEQRLEDDFKRFRQGLKSVREYAMIFEAKCRTLKMPLTGEEKIKRFINGLNLKIQEKLILVEFNSMTKVLQAALKVEGITMLSTNIKNKKNEKNEKINFEKKITNEKIKVNGSCFYCGHVGHRVSECRIKQTDISNGLQREKHPNFEKNKEKTSNKTKTTNYPRNEKTHSLSSVNMHNKNKTSFNLASMFSSTISDYYGPIGNGFIDETPVTFLVDTGAASTFIARAIVQATKLKIQTMPPIKTRTATGNETTTIEKTQIPLQIGKDILTINAFVLENLSYDIIIGYDTLTQYKATIDATTNTVSLRLNNGRVSLPISVSISPITFTELQAIENVLQPSETLEENQMKKIKELLNEFQDIIPTNEKAPPQAKGILLHIRTGDAEP","Infection"
"55",3.34657347706636,-4.03577753286895,0.802604148180389,-5.02835369343479,4.94708755128993e-07,2.99497348378918e-06,"HMI54_012462-T1","CDS","scaffold_5529",123,1346,"-",NA,"hypothetical protein",NA,NA,NA,NA,NA,NA,NA,NA,NA,NA,NA,"MEEKIKITKEDFEESLKEDHIDLSEDEDSLYGTEEEKPKVRYSQKEISVDRLPTYRGGDFLKFFKQWTNAISLHGERTSREKLFYLPMAFETNLCSLIMESSYSLNGEMPNYDLFVKDLFRIHGVEMQVEKSISEKLKEIIDNKKRGLVSLTQYIGLFEMNYKKNRDRISELEVIKLFLEGLNHKLAKRVERKLTGQIRPTLEKVIKKVDEYTIDWEGKRHEGLVFDNEGNKGSRQVNNQWESNNKNFVCSRTNEERNVQPPFKKRECNACGRSDHTHSECPGLRKAIIDKLIYRNDRGRLCVVATGGEVRRPFGETWISYARKATEGKGRVVNRVIYQEEEENKSVLEINNLTQYQKSPAMEVRERIEKKISERIDEALVTVPAKMLLDHPGILYAVKGSRLNKEKG","Infection"
"56",2.00826907519533,-4.29898677555538,1.01752418967824,-4.22494798567375,2.38995972647243e-05,0.00010597239006941,"HMI54_012491-T1","CDS","scaffold_5549",908,1277,"+",NA,"hypothetical protein",NA,NA,NA,NA,NA,NA,NA,NA,NA,NA,NA,"MYDHCCMALPETLNEYLEGYCQLINYCLFHLLIYLKFPGRFLMDSNVKRITSFSQIEDQPDEETGSYIKDIVIGKVNQLTEAQLFKLHDILTNDFMNSEPSGMEWNIIPLFCFFIHEINSFS","Infection"
"57",1.2518492490661,-4.1525559086537,1.31091763608141,-3.16767109874767,0.0015366525796063,0.00464101284334688,"HMI54_012592-T1","CDS","scaffold_5619",42,1234,"-",NA,"hypothetical protein",NA,"PF09668;PF13650;PF13975","IPR001995;IPR021109",NA,NA,"GO:0004190;GO:0006508",NA,NA,NA,NA,NA,"MKENKDRVVNPDLYSYREISERANDLLMDAFTAGTTEVPNSVLLSHPEIFKRHRNLQMQGRRKEAEPSYGSIEGRSKTASFQVQTHQLTNEQHESSTRENLTSAPCGYINIMINNTMVKALWDSGAEVNVMQERKARQLGINITEGPTNIQGFDGTLSVTKGGARSVQVDIGGVNGLLYFVIVERANDEVVLGRPFEMAFQTTSAVLADGSYTGTVQNHDGTKRVSLSVLKGNTKRDGTLGLNTSSTHNETREGSTSFRVNPKFENLCSVPIDTPTLGVPQQPTFLGENTLQNISQKKNNTNNNISKNIDLEKRTLQKKSEEKEENKFIKRRQKIAHMLCNIMSSVEDEEQLEEIDEYLINPKKK","Infection"
"58",92.8490790612443,2.09657522880467,0.58483263268301,3.58491491691616,0.000337188111947471,0.00118877591237051,"HMI54_013262-T1","CDS","scaffold_6082",49,961,"+",NA,"hypothetical protein",NA,NA,NA,NA,NA,NA,NA,"1 (o283-300i)",NA,NA,NA,"NTKKATPTPSQRVIPLDPDEGFLSGAWLFDIQAAPQWFIKASGITTSKIQKHPVRSIHTTEVKNIHLFPSSQLKKKITRNEEIGFESGAWLFNIHEAPVWFQDLIPKYSNNSSRTNGKPLKSTIQNIQKKAVPIPDPYDFIQSGEWLFNIQSAPGWFRKLVSHKYIPKRINDFSFNSPTKKILDQVVFTKTFSDQPPPALIDEDLGFDSNTCLFDTDSISVEFRNEYSNKSLKKLYNSLQSSRKNLKGQKKDVNRYLTNNDESNKFNNEDEFSDDEEEEREEGWSTLLMLFTFYVMLNTYKEY","Sporangia"
"59",4.04105862682368,4.44713408100536,1.31929284681563,3.37084680762074,0.000749375165395306,0.00244144432165528,"HMI54_013263-T1","CDS","scaffold_6083",390,1031,"+",NA,"hypothetical protein",NA,"PF16561","IPR013783;IPR014756;IPR032640",NA,NA,NA,NA,NA,NA,NA,NA,"MSAQSTPTSIHIFQISYLTPMPVTCIKLTGEYNGWSQENKMQFEKFELESEKRFKIEIPTEKLLNTKKFVFKFIVDGEWYCSDAFPKEYDPAGNENNFIIFNPEPFQCDFHAYLQRDSVLQVKEESKEEVQCDVKLTIAEKVLTSDSTQASSISTGSPQKKKKPSFKTKLIWSFFRFMSTRHC","Sporangia"
"60",7.07827454427735,3.26591674136716,1.01924288093172,3.20425759401105,0.00135411264451683,0.00414398522610951,"HMI54_013466-T1","CDS","scaffold_6211",268,1023,"+",NA,"hypothetical protein",NA,NA,NA,NA,NA,NA,NA,NA,NA,NA,NA,"MNDDVSEPYIDEDFENAIKLLELLQDYFKDDELMQQEEQLKLMEYEEHHDEKVMVEKKEEFDQIQIEIEEGAVSHDGMKLVTEKKLEVSEPQLRVINSLVIEPSLIREVQYPSPSEAAYQNKDIPFTCVSAATQMPLSTVESCPTPSTSIAQTHTPTPALKCSLSSTQSWKQRFVGFFK","Sporangia"
"61",6.39210635566083,-7.08305740750509,0.874828597681105,-8.0965087632938,5.65589048875618e-16,1.24029989794191e-14,"HMI54_013483-T1","CDS","scaffold_6226",134,842,"+",NA,"hypothetical protein",NA,"PF00098;PF03732","IPR001878;IPR005162;IPR036875",NA,NA,"GO:0008270;GO:0003676",NA,NA,NA,NA,NA,"MYFKSVLEYSGSSKDNIAAWVKSINVALGMVGATENDGLALAAGKLCGDAKVWFDDQMNEHPPGTPSAIRTWSELREKLLEKYKHQVINEELNAPNRLVRLEQGKMNVRDFNNAFNKIKIVFPDLDDKFLVGVYLGKLNADLSKLVMSHPDNYKSLSTVQATAIRHEDSLRRDDVLITTVTPMHQTAKFASYQQPKRGGKARITCFNCGKKGHISKECRQPRKLTAPQQSTQKSI","Infection"
"62",117.674621132357,2.19486373543358,0.35292647712745,6.21903959515331,5.00207080611517e-10,5.20189579965844e-09,"HMI54_013596-T1","CDS","scaffold_630",4200,5358,"-",NA,"hypothetical protein",NA,"PF00001;PF10317","IPR000276;IPR017452",NA,NA,"GO:0016021;GO:0004930;GO:0007186",NA,"7 (o18-43i55-75o97-119i131-153o186-205i307-327o347-366i)",NA,NA,NA,"MDQSTDSVTTIYNAESFWWIQIFDAMVGCLGMLMNFSLIGLILWKPRKLLKARNLIFILNLAVSDLALSSFLAYVDTAKYIYGPSYLDEAGCRLEGLFNQVFGINAILSVMLLGLDRYMIVVKHHLLATRYCLLLIFVATLVSIITGMSPWIVDKNAFVIQPSGNYCLLDLSKTNPRLDGIMNAPSTAYGIALFSTLCFYFFIIMEIRSASSGIRHFHSKITSESQPDENTMQSNDIQNASRILPVLDLRSQRNLNENSKKKWSVLNMFSKFGLKHSQSTATSMKNIDSKIEKTSPMLNKKRKSLEILLAKKTILIGATHFLMYFPFAVCSLMQMYKHKNLGTLDIVSVHFIIICPILDAMWSFLLDPQIKKKMRELKELLLKKE","Sporangia"
"63",9.89839269101067,2.9439538358643,0.861582422667638,3.41691492120883,0.000633350692315277,0.00209096429319867,"HMI54_013654-T1","CDS","scaffold_635",422,1655,"-",NA,"hypothetical protein",NA,"PF03067","IPR004302","ENOG410Q806",NA,NA,NA,"1 (o6-27i)",NA,"AA11",NA,"MQNSKVIVQIFIIVSFFIGNICPHAGMTYPRPRPTLKDGVPDDFSNLGRIHSKASSTKGHVINKNFPCGNPQPNRDKFQLEKGKTLPVEFKVNNYHTGGTCQFSISYDDAKTFVAFHQVVNDCFAAMQRSGNTTINVPIPNDLPGGNAIFAWTWITKKSNQPEYYMGCSDVTIDGPKVGKLTGYPLIVTSIEFTSEYLGIYSGDPEYSFLFQKKPELVMSVDGNKIELNNKAFTPTRHLKKNDPLFAEFKKTTSSTAINNTPAGQAKDSTQKEKKQEKGTKETGNWNNISPQEIDTKLKYSYNMGDRPKKSN","Sporangia"
"64",13.1004452248327,-2.19394621828944,0.507405945500398,-4.32384807025822,1.53330911311787e-05,7.04257515245372e-05,"HMI54_013704-T1","CDS","scaffold_6384",56,857,"+",NA,"hypothetical protein",NA,NA,NA,NA,NA,NA,"SignalP(1-22)",NA,NA,NA,NA,"MSMFIVLQLLCVPVFFSSYITADDEPLEVPSASVHPPNKNANHPSQNANKKKEEIVFTLFTSINPLPENWDSKLIPDETPINTQECQMTQVLYSFLGAILETRKEDDQFNALNYGARFELINKNISWMFLNEADFFSNNLGDDIQRNLLDAVQNFPPTDLESKISPALLKVRQFDNAATKNCKEETLVPSSDKKFTYFDYLVFHTLHFVEFQNIKEKWIESYKVCAKKSEKQLNCQLNVTYDDNRKYKNNLGVKNYVVMGDLYIFK","Infection"
"65",19.2865379268647,2.13395276814057,0.430933680196516,4.95192848970968,7.34816087983656e-07,4.30331337447613e-06,"HMI54_013929-T1","CDS","scaffold_655",6963,8230,"+",NA,"hypothetical protein",NA,"PF00082","IPR000209;IPR015500;IPR023827;IPR036852","ENOG4105RX7","O:(O) Posttranslational modification, protein turnover, chaperones","GO:0004252;GO:0006508",NA,"1 (o326-348i)",NA,NA,NA,"MDGLSKQRSKVQKFRSDPQNPKINFWGVDVMDGKVDERYVYDYTGRGVNVYILDSGLLSQHPGFPRKNAKVIWSKDGRTEDGDCEGHGSHLAGIVAGDVCGVAKEAQIMMLRIMDCDSNFNTMDLISALRFLQQNIVKPAVINFSFGSGKEMDDMKSIEEIRKIMNNITVTMQVPIIVSSGNNNSQKCDSVYDDVHDLIVVGSATKELKRSSFSNYGDCVDLYGPGEDIWSHANTIKGDLYAKRRGSSQATPFVSGVSALLMESYGKHLTPKELKTALLNAAAYKVPINNRLYPMALTPMTKETKIKIKNLGDKESNASSFSNIQLPVIIGVSAGVPLFILGFTLLFCHCRKKNRKKMNYPGPR","Sporangia"
"66",832.933839966985,6.63640889248206,0.948266777684351,6.99846187661244,2.58787755315068e-12,3.82493989998644e-11,"HMI54_014026-T1","CDS","scaffold_662",973,2574,"-",NA,"hypothetical protein",NA,"PF01522","IPR002509;IPR011330","ENOG410PP58","G:(G) Carbohydrate transport and metabolism","GO:0016810;GO:0003824;GO:0005975","SignalP(1-19)",NA,NA,NA,NA,"MKFFNFLSFFGLMVQAAHAQSAISSSQVCSGCAPPPDAAIQNIFTLETQAYGTTSSCGDKICNTAKGETCANCPSDCGSCVYTSAITKCVNKDHVHFTFENGPTAFLPKLLDLLKSMSVKASFYLNGENVMKTIDRASVAGKISGFTTSALSDAVKRAFNEGHVIGTHTFSKVGLVSGMSGTNQVSALNYMSLSSIRLQMLMNDIVIYDIIGKYPLAFRPPYLEENTTVINIVESMGYIPISVNVDSKDYVYNTSNSVLSSVNTGLAARNTLGGLICLFNDGYQVTLDSLPAVVTQIKQLGLTLVDLPTCLNKPVSSFYRSSSLFSNAGGSSSSSSTSTSTTTTTTTSINTKSSTTSTTTTSINTKSSTTSTTTTSKSPVSGAQSSAGSYLVTEWMNYFIEVLGFGLATFGLV","Sporangia"
"67",28.1387938074954,-2.8658751417467,0.473518375840688,-6.05229973738317,1.42792459046134e-09,1.37674449761327e-08,"HMI54_014249-T1","CDS","scaffold_68",20974,23183,"+",NA,"hypothetical protein",NA,NA,NA,NA,NA,NA,"SignalP(1-18)",NA,NA,NA,NA,"MRAYLFYMCTFLIALAEARFTSSTTKPERALNLAAKVYVAGGSIEVTCFNRDFNHYQYAVLQKYHNISCVELCLIKGMYHSSFIKVNKPLRGFLQAENKTTKGENQCIKRYEIQGDYMYLKGHSDFCFCKRPSIGESDFFKNYRYRLPRLKELMERPNYPHKLREEETRIQELYTNQEKKIKESQELTEQYKLFRRKIGDPIAGLTTFCKSDTNKKEFKKIIEDLEKNMDLVNFRKRAMTLLQEFALIKQKFLGEIELQIKELNDYNGTIAYLREKKMLHKENAELKKKLEENKHTELGKMQIQLKQVQKQLSAKGIKLNKAKEKIVKLQNKFRKKQKLQHESVKQHRPKEKKQKDNLNGRLELCIKTRENSLAQIDHLKIKMETFKQSMTTKLNECLATKENQNEELEQHQSRLTNAENRKIELINELHLTNIDLATIVEIKKDVEKHLNNKEKQLQQELQKNKQCKSDQSQWDTSKNGLEIEVSSSCWENDNLKTHSLSMHQHLETIQSKLNVCNKLKNQTLVQLTLMKVQERKQPSSLDSKKQETKAVPRIPNPQFEVQLKYSCSDATLEQFLNSCSNSNSNPKIKDDNSKFQSASKQSSLQLDPKSMEPPANQNSFPSHGQAIISPAYTTSSSKANFKVHFLWKSSWIMFLIRFLSVF","Infection"
"68",7.39684695224334,-2.05911984822929,0.631878829395349,-3.25872580697107,0.00111913774463703,0.00348973786677775,"HMI54_014632-T1","CDS","scaffold_747",2305,3013,"-",NA,"hypothetical protein",NA,NA,NA,NA,NA,NA,"SignalP(1-25)",NA,NA,NA,NA,"MLLNFLNLILLNFVFFNFAFTENEATEFDEIQMVESLENPQNPVYNRKLEVPYSIITNEEKAKSYLTMLYDIVQFEGELQLQLELILPFRQDLKTTRFGIYKQWEDYFKLGAELFKFEKELNANLLQLNSNSNKQHTVSSQLNEKLFKKKDLWKCKNDMDRIVKNIGYKANLLCFLMAYKIKMVIAKAHPDIFKILKKSRVEEGKLKLLATLDEERIFFIQYSESNLNQFFFFFN","Infection"
"69",375.400273901378,-7.12636542593076,0.23577746696765,-30.2249638932144,1.11320831267004e-200,4.99088393513733e-198,"HMI54_014652-T1","CDS","scaffold_750",5097,6039,"-",NA,"hypothetical protein",NA,NA,NA,NA,NA,NA,NA,NA,NA,NA,NA,"MNEQEDLKIHVVREGSSPRFKLVKSLSAMEGRKYTATSKEVTVSGVTFQLICSTSDFEILTLSLLFSEINDRNYEGYKGALIVLDIEVIENNINYLVKKSISKKVYIPNMIWQLGKFPYSLSYIKNPTICTTVFKFIRLFTDTSCIAFTLSPPLKSPFFKLLNNKSISDCCMVLSTTKKPIWVNKDIISSECPYFQQSIKKEWPKEKQEDGKFLTFKFPNFSDAVIIAVTLHLYTGWLPGTEYGISNDVLRKLNICLDEMNLEFEDIKSLGELAALAKKLDLHALAYFSVLNIERLLGEELENLSMMSLNLNS","Infection"
"70",1.58175014357156,-3.89906969509005,1.16827728777098,-3.33745227772879,0.000845502400783084,0.0027151629026341,"HMI54_014658-T1","CDS","scaffold_752",7885,9028,"+",NA,"hypothetical protein",NA,NA,NA,NA,NA,NA,NA,NA,NA,NA,NA,"MAKNVKILLEKTYPSLKEKMKMDESTPHLIDINFFIQNSKRYINKVLLKNNIENLILEQEYDVLVIPSNLYSDETSMKKLKDFYDKFYEENQLDRFQPFLDEKLKFSYYGGVTNIYLQLLFNAAPCLRDIKLELMNYNSKHQIRKEFSNCISNALLPATMKKFPNKERGILNRVKQISDHEMYLRRAFSRILPWAIILEWVCSMESKSQTHIKIHFSQTFLDKMLSSVNALNRNLRIEEKPKAKKKTPKAKKKTSKAIVNLTKAETNESEASISHSTKRKRTSSMTSEAPESSKLGLKNPRFGTCYKK","Infection"
"71",29.7511917939113,-2.66756514498015,0.453183093817263,-5.88628565666615,3.94971416481332e-09,3.52201031050204e-08,"HMI54_015141-T1","CDS","scaffold_84",6279,7493,"+",NA,"hypothetical protein",NA,"PF03067","IPR004302","ENOG410Q806",NA,NA,NA,"1 (o6-27i)",NA,"AA11",NA,"MQNSKVIVHIFIIVSFFIGNICAHAGMNYPKPRSGFKNGAPGKYSNIASIDSEDLLVAKGQSRKTFPCGNTQPNPDRFKLEKGKNLRAEFYVNNNHDGGTCQFSISYDNSKTFVAFHQIVNDCFAAVKSPSNTTIDVPIPNDLPGGNAVFAWTWITKKSNQPEYYMGCSDVTIDGPTVGKVTGFPLIVSSIEFRDEYLRIYSADSSHAFLFQKKPELVMSVEGNKIEMNNKLFTPTRHLKKNDPLFAEFRKTTSSTTNNKPPNVETMGQTPHDKTQDEGTLNGGSWSNISPHQIDTNLKYSYNMGDRPKKAS","Infection"
"72",261.378493578389,-2.17679948317755,0.236217979547884,-9.21521506256172,3.10654928669454e-20,8.95351883700889e-19,"HMI54_015171-T1","CDS","scaffold_848",294,6775,"-",NA,"hypothetical protein",NA,NA,"IPR033228","ENOG410IPMB",NA,"GO:0005777",NA,NA,NA,NA,NA,"MTPCNIKSIVLQIPSENSKFENVEIDEFLISILMKKFSLETWKELHEISSFVKIYELSLSRYTCPIMKKFSSTSYKNALVKQREQEEEYISSKQLFQLTPKSKVSLISTRYHAIIILDINRSISTVGENVLLDVLFVKLHEFWTVACRLSSFLNIKICITILLELGANHDFPVYHCFYDAPTLSDFSLIFEKLKTYTNQSALSGPPSDFYTILSNALHCSQFQKGSTTFLLVLTSGVVDVLFPPNDGSPIRKFVQLNVPIFIFLLTTRVSCFGAISDVEILKYLASATGGQCSCNMDLCLPFFVNYSYIRTNERFFSSDIFPLSNKQMAFPWEKDVVMPTVFAPTRYREYEVIYPMEIIKARLRQGFMVYDIHIKSKITLHLIHRYFPEVCIHYKLKILSDWSMARVEILVLAFSEFIMNIFTLPSYVLNTKEESVFIVFLRTLVDKDLAYNKLAGMRNKLSVATTALTACKVIDSQVVEKLLLSHTDWMDQDFLYFCCSKETVIHVLETWSKCIISNYYIHFDSEAATFGFTGILIIESTDNYVFCQVLFYKLKNLPTDFNRLPTYNGGLSVMHGPYTELNLILLKHTSYVYLVPSHLCEKMGSVSMEYFLNLKYQLLQSSLSLVYLVKQDLQITVSFNKASFSIDIYQLPRVHCTNIDDLLHKLSAIYTLDTLLSKVFCSSHPLFSIRHLLKHSNLTVIGFHNQINVPARAFTKALYCHVKTRSIDLQFEYVQECEEFHNLIHQWHGFTPPLCSQFEGCVYISHDSVFLFYLPRQTNIPYILLFECIRNQFNEQNRVPMELSPHCLRPTQKVYPLISIYYYTDCHVKTESIDLILSKCAWQSTVECVYSLSKQLHFSNVDLCIQHLDTWMVKLDISLMICLFEVLHLDQMRNFEYIHSECTRFNKCVQKFIRVIPNTHYFTASVPFVFVSISSFQSLPQACKKKLTSCPTSAPLENVVYNEQQMQRMLKDYIYPYPIELHISYYGLEEDKSQVSTFVNSMKESFESVIKEITLNLFLAITPITNRMLDIILNDLNVLNKTEFLLSVLKSATISLIQSELERFEINGFTITRVDSYFLLFSESNSMSMNVLQTASELFMVSENEENPAMAFELNYNNNHVKKTPALRKGVSQKKRAWIILTVKPEALCVYSNVPHLRSIIGSMLPNLQRMINTRVLLNQLKDTHSSSRYLIPIHETVNSEEPHHCFNSLTKEDEEIMNASDGEFDCPVQFTTSFPLHWRLKFMEALKKVSASLDSLAVTNRAYTFVMVSPEGHVYYMILKEIGSCNLSLHFASNTTVNTECTTDSASFKTHTTTTNSSVSMSYTPTLRQLVIELYGLDPLSERFSNEVITMISSRLSKVVLHHLSIYLSRTDICKLTFPDVQFLFPIYCGPKVTYLISDVPLSSLDETSILFFRQSLLLFLSVLCSNDVIVTIQQHLQLKYNLFFTGNDECKVSPFDMIFSYCSISAHTTPNASESTLGSGIGCILFYVLQKNKICLQPTLEAPIYWCVEMWTHGILNTQALFEKIQHCQLQACHDAEVENDFKVNTSLTNLLLKLCQAPTDYYTCLNVHRWPIRIASWHTTHLMEYLETTLPDLPFQRGFNSCYCLSSCSELQNMCYYSNFVHSWSMNKWIKKKVDRHFLFFVEIQKEDILCVCWNISAVMLEKIQAGLKAYVEKYAQYIKELQQVTLFKMGLRCEIPSWYLTAMSNRKLCFQKWCPSPSLFSSVVPFNQVYHPHLEHKERDLRVTVTLLGNEDPLPSSICPKSKKPYLTNAELHRLLSQSSLVYSYRSPIFFHCTYHSSSFSFKGVELLSSFDFLKASMTMVTPIHFKTFVLHSVNVFKWLRLCMIFKSGIWPM","Infection"
"73",55.2853275372673,5.05972448514269,0.647784793269786,7.81081083982076,5.68212394151026e-15,1.14924160922275e-13,"HMI54_015769-T1","CDS","scaffold_98",13250,17017,"+","HKT1","Sodium transporter hkt1",NA,"PF02386","IPR003445","ENOG41KOG1341","P:(P) Inorganic ion transport and metabolism","GO:0008324;GO:0055085;GO:0006812",NA,"11 (o125-146i158-179o185-209i299-321o341-360i372-396o434- 454i461-478o498-516i641-659o703-721i)",NA,NA,NA,"MPIETPSSSPSPDSHDLPLITLRSPAQLPDVPSSNSTAILQSAYKKNKLNVSRASFFKKRSKNREPRFKAEPTDIPLNSLSTEEQDTGSVWKAQWEQIKGVLIQGWGYVIKQWRKTRISKGIIDYWTMHIIYLYCLALCGAVIIFIGENSKELGSTEFINCFFLAMSAITGTGLTILPFHTSTRLSTIVCYVLMTIGSNIMLSIPPVLLRRYLYRQAHPMEFSTPNFTPDDPTSNLTRLENENTFEFTGRKMYQAMSETVSKFTPYMNEFKRLGSLSSLTNDEMNATISSKTEYHAAGLLLRLYIFYIIGFQMIGFLAIGSYAQFHSPTRLLLQNSNLNPWSWSLFHVSSCFYNSGFSLIPNSLQDLYDENVIIVTSTILAIFGNCLFPITLRWIIILMSKSKLFSKKTKKCTSFLIQHPRRASIHLFEDRETWILLLSWIAGNIIQVAFSLAFDMQRLPFLPFSQFKQIGIFFFQAFSNRTSGFYIVNLNLYSKVVQVIWVFIMLMDSYPLLLTIKYTGSSSEKKQNLPETSSPKEEKSLDLEVSTVAQGPKLYLGNIDDQILATSHPLTPSTIQKENELALTKPVELHDSTTNSIPLSSMEALKDIVESTDVLASASPTTPSQFVSQSNDDNDHLLKQWVLRDVSCIYLCMLMILIAETPWSEAGAPTDGLKIDLWVVLFEVTSTYSTVGLSLDQLANSSIASTFSSFSKFVMIITMLLGRTRSVPSTIDYSFAPPEEPAPKEQVFILSTTRDDEEEDFLSEEEEEEEEEDDDDENENENENEDTEKEVRKEEEKKENEVDDEVPKVSDGENLSIKKI","Sporangia"
"74",13.560723401,4.22893545521417,1.3119103108791,3.22349433505131,0.00126636803325444,0.00389614564558267,"HMI56_000863-T1","CDS","scaffold_1329",2327,3725,"-",NA,"hypothetical protein",NA,"PF00079","IPR023795;IPR023796;IPR036186;IPR042178;IPR042185",NA,NA,NA,"SignalP(1-27)",NA,NA,NA,NA,"MRSKISTNILLLTFLAIFFHFATYGEAGDILKKGASNPKSANERTNSENSNGLKNKVERRGDSTPTSTVVSKNKDVRRKIGTSSSGQKDEKVTATSESPFEEMASFSKVFLTSDIENNKAPTSPAGLYLTLGRFMGLTKKDTDSYKELTEKWKLNPEKSSPQNLAAFEKYLEKNHINSIGFFYQPPALKIESPELKNALDASNTIFVSSQDELNSKVNEKTQGGIKEVPLPATTNPAFFNILDFKFGWYIKMEREKDVSNFFFSKREKKLLSYLSVVGKFVTTNPEDDEEYMAAKLDFVKEPRSGKEKVSESDRLEDFSAYLVRSNKRKPLNEIWEHVHQTLSKAPAVERTISFPPFRAGKHTEFPSTMFPSLLRPQNTDFPVFAQGGGKDSLDIKLFQHTLICVDENGSLGGGMTPVDDGGDRFISYLNFNSPFYFIIAGNKVSTPLFISYVEDGMTDVNDKCS","Sporangia"
"75",1.03948686676351,-4.01009119456572,1.23095585443033,-3.2577051241383,0.00112317050937914,0.00349960849833577,"HMI56_001190-T1","CDS","scaffold_1460",3627,4990,"+",NA,"hypothetical protein",NA,NA,NA,NA,NA,NA,NA,"1 (i147-173o)",NA,NA,NA,"MSSSSASSSVSSSSSPNPPLPSNNPPVPFTPEIVRFTPFRLTPPLVFSYASSSQGEPPHPESVWVNRHHTFSVYNLTKPGGQAILEEPQELNHEFFQDMEDQYCNIPDSEWKDHLVTAVLINIWSPHAHTRLPPGVKTLDYFKKQMFVFMFDFFFTLNISIPAIMIVDLFRFFQNALDKLYISFQDHLALNFYTLEIEYFQNNYFFYKENDRAELLDDYEVTPPKLPEPLLLPAPSPLCIYDSSSQESASISSSVPGTLTPGSSASLPKKALRSSTLGPSSSTTSKHSKKHNTKSSWDPSSTTTSQSSTPTPKHPPSKDRPLLPKNSQPPQDPISTKSSKTTGVQPQSWVWSHFLLQSDGVSQVCQVRLPNSSICRKALPHDKTGSTKAMATHLEWAHGLSSSSSLISIPESE","Infection"
"76",22.3731949387665,5.07119825011895,1.25187923609341,4.050868569355,5.10278648288158e-05,0.000212813885875216,"HMI56_001832-T1","CDS","scaffold_1764",210,1360,"+",NA,"hypothetical protein",NA,"PF00651","IPR000210;IPR011333",NA,NA,"GO:0005515",NA,NA,NA,NA,NA,"MLYASPERLPRNNQNNCLIRRIHANNDGSEISLCLTWTNYMLIETRWIFSDFCTTYGTRWQLQTLFDTNRETLKLVLHFPLSDKFYLDTRFNLFFYEEESTPLYLNYIHHTDAIRDFLTIADLPLAPILPLITNRNSTTTLTFKFRFTHLFKYSASSVAPRPTLSLFLNHKSTSDCCIEVEQENIYVHKLWLSEQSPFFKAMFESNFMESTESYIPFKDWKLHSFICCLIHMYSGWLPCEIISEKILKSFPMLEASHFPPQDMSSWMDIGSLARMLGLNRFAYYAFQNAHDMLTEELFLTKHELMNDNLPFHNKAD","Sporangia"
"77",13.6688963013158,-2.40177994410077,0.363253777978954,-6.61185124477886,3.79543299092196e-11,4.64782158372385e-10,"HMI56_001918-T1","CDS","scaffold_1803",1600,3319,"-",NA,"hypothetical protein",NA,"PF01421;PF01562","IPR001590;IPR002870;IPR024079",NA,NA,"GO:0004222;GO:0008237;GO:0006508",NA,NA,NA,NA,NA,"LKVNKNLFSPTYKHYDAQHKPQESNLRNCYYHGRVGEERNSFLALSDCDGLHGMVVISDALRFSIHTLEQNRGIIIVRENSILNKFGFYEKTTSNLTNAERVFNVREKRNAEPVPNVKNEPTVKVEEKEEKKNVQEKEKHDSKVTMHPAATKSITPVIKKDTETFNLHNASNRKNKKEKPAIGGPPNKDESKTVSRTNVDNTEKLKEIPAIPFPPKKASRPPTTSFKSSEELQREAILKERKRAVKSMWGRGTKINFEKLGLGLNGVKTSTSNKQKSGNSINFKKRQITNKMYFDITLTLGYIEEIKNTRHAEQYLADVMNMLQCYYERFDFKGYSVRLSGSHYLLHHDVLIKFQGLPSEGKLMFYLRHWNYYKKLFQTGHQHFLLPLKPESMQTSIPQHGHGYTNEKCLKDYASGIAFIKDHSITNPYELATTLAHEIAHGTGMKHTNTKGCVGNGETMLDSGRPNFQLWKPFAQCTLNQMKCTPSSYIWENAFGKNY","Infection"
"78",396.241860347249,3.78168967525887,0.49971276592361,7.56772676853522,3.79811788163889e-14,6.99790212438946e-13,"HMI56_001934-T1","CDS","scaffold_1813",241,4194,"+",NA,"hypothetical protein",NA,NA,"IPR026588","ENOG41090V5",NA,NA,NA,NA,NA,NA,NA,"RNYSCELFDVSLNVDVDSNRCVSTFCYTISDPLGIFDLDHFDLLGVHYDLNSFSSNATFWEHLSFGQLRNKLGKKAGITQRFCFTVYGKVLLNPSTIILNFGHFSCEKPINVPGVSTICDNDCVVDTNFGNAECQGCPARCFSGQGPSAIGTETCTLKIRSPAIGQGKPCNLITSRLCTKPCPVDCQYSGPVWKRCSANCETPTLPVTGYFLVTPEINGGLPCTLTATTTTSICSLPSSVFLSKCPIDCKYTGIPTVSCAALCSPGDLGRQTTTYSYPITLSPSTLGGSTCPTPTTTCTCCDCILSPTPTSKSPCDAVCSKDDGSYATGYETYFFPISRTASPTGKCITESTRTCSKSCPCKFTASSSIGKCIPTSTITSTYPWVITGFQEWTAVGPNCECNTIVDVPCSTIAKPVDCTIYSECAGCNCQYNTNLPYSLTETQSCRYTTLQPAFYGGKPCPTQPPSKLCTTTCPGCEYLPQVCDCEYTISQPPESGSQEFSGTKTCQLELKTPPGYRSDLECLKGSSSCELTKTLQFPASLCSTKIGTTDCLYKLYDCKGLPTYTSTATSQLPWTVFGFDLCTLSDSRPSLSRPRNCSTTISTFPVTTTLKPQDCTSTNLCFSSQPVCSRFPDGTINVTQTCSPVTIREPNYGGRKCSPATTSTIVTKTTCTRSSPTTTTCFDMASEFNAVFFGSVNVTRTFFEGRVAILNDAFLLSVDIGLMISFPLFLCDLYPSNALLVGGDLVHFGKVYNGDVKVYGGCGNGTVTDCKIFCNEKKCLCGPNGFDFVTFNTEIISYQQILASMTTTVLMSVSTTGENTLTWSGNQTEVINIYSDPTGHLLNLPYFFNSTLNPSATIIFNILGSHPAIEKFNFPFSRDYASNIIYNFVEATDITFLDLEVFGTIIAPRATIRGFSTIYGQVFAKSMEMYYGYSLAIKFTKYIGVCITS","Sporangia"
"79",8.27715810080934,4.36741755840823,1.32776459225834,3.28930111849109,0.00100436509019325,0.0031623980795394,"HMI56_002091-T1","CDS","scaffold_189",2864,3841,"+",NA,"hypothetical protein",NA,NA,NA,NA,NA,NA,NA,NA,NA,NA,NA,"HKHSYCRHREPFSTSPSVHPFYSSLYFYFYFYILTKEESMISNFPVTFFCTFDGDDSTQEWENLRLLRDVSVNIGQYTAEIFPGFYEEKGKAMEKKEVEMMFPEYAVPNEENVLEQPIFTSLSRCSSLTTLDGYYSDYFIKEEESIPSQFPKIKSVNLIYSPMKDSGIELDPSHGFATGSKDNGASKKRNRNYQTPHSSHKESNESENKRRKVASRKTERVCTYSRKQKNNIPVDQPVQLLNSDASESKAKVSPKKTQQNEEASSLLNINKRKQTSKQVKEIPAVNSSQIPQSTSQKRKQPPLNEESQPEKRVKKSMSKRQCHC","Sporangia"
"80",241.976913725748,2.41146676772353,0.359006698077174,6.71705230191874,1.85437424662285e-11,2.39820515548821e-10,"HMI56_002146-T1","CDS","scaffold_1912",1476,3991,"-",NA,"hypothetical protein",NA,NA,"IPR026588","ENOG41090V5",NA,NA,NA,NA,NA,NA,NA,"CVLGSTPTSIEPCDAVCSVYDGRLACGHENLIYPIITPGPSNSICDTVKVRPCSKYCPCIYTASSCTDKCTVTSTNTDCRHWVGHGYQTWTATGTLSKCQTLQQLSCTKPISPIHCSVETECPSCDCTITNGPAFYNNATKTCTLRTVSLPAFGGNACPTVTPTFTCNNWCPGCDYASSECGCQYTFSYKNPAGSYVLSGTKTCERTLIPTTDCWVAGFPNADYSCKPKLRVDYPTSICSTTIDPSSCFYQLSDCIDVPCTYTSTDSMAQPWTKFGTKVCSATDMKSQSRPFCTKSSSVISCRNTINPIDITGTTACARCTPQCGPNDSDIKTASARCSYITHVSPRFGGKCFTSKDLYTTCYLKCTPTQTNSQTKLPRPTTNPFGDGAPFNAVIYGDFQNDGGKVGGRLAVAGAANLNSFKAGEMLSYPIQTCANEVPVLLIGGSLIYYGETYNGRIDVGGACDGKIATDCKRNCNLGFESIWDTLDFNSHFQYMIKMSRELSMRTPTASIIQSDSIDSFGINWSGTNEEVLQYLTSDILTSPNSFKGVLAPESVIIFNVYSLYPVFPVTFSSNAFLSFKSRLIWNFPKAVTITINASRFVGTIIAPNSTILTSGVIEGQVFALYLQNLEDMVYPELVNNLYSGYSFYS","Sporangia"
"81",124.49795805263,3.56290381788636,0.654359455925574,5.44487251711939,5.18425011743884e-08,3.7354373614046e-07,"HMI56_002432-T1","CDS","scaffold_206",1331,3242,"-",NA,"hypothetical protein",NA,"PF00082","IPR000209;IPR036852","ENOG4105RX7","O:(O) Posttranslational modification, protein turnover, chaperones","GO:0004252;GO:0006508",NA,"1 (o460-482i)",NA,NA,NA,"MDLPTFLPPLMSSSTSNPTTNNPPPSISVPTPTLLPILSDLPTLLTRATIISVSSTPTSTITLTPTPTPTPIINIVETVSSISSILSIPATISTPPTSVFVPLVSAASSPLLFVSSPTLTPSSNTFSRNLEPSAIVRRLTPKSTWASGMKLWGLDIMDGVLNDAYVTEHTGQGPVHLYYLGPGMIGNHPEFKTNQINSLYSALGLREGSSFSLDCNGQGTAVGGILVSNTMGVATDAQVHVLRVQDCDGIDTLSLDKAKHVIDALTFLQSQIQRPAVIQLSFLPNLGKDITEINTLKTLLGYFVNTLGVPVVVPAGDNASNKCVTNGLLDKLQGLISVCAHDENFNAIASSNFGDCCTVYAPGANIWSLSNQTQPPLYAMKSGTTFAASFVTGLLATYLEENPNAKALELQKTLERLSTRAIADGAGSMKPTVKLKLSDLTLTSSIMMPTTDSKYLGLPLVWFIVLVVSLGLGAIITLSMVLRRYRRYQLRQRAKRKIAQAYQPSNKGISIRFSEYSSSSRASVSSLSSSRASISSFYSSREASFSSFSSSREASFSSTPPYLEAGIQPRGYYKG","Sporangia"
"82",6.37082431853557,-5.0985808366785,1.0390559932434,-4.90693559330076,9.25103948729076e-07,5.33637517244006e-06,"HMI56_002706-T1","CDS","scaffold_2215",794,3359,"+",NA,"hypothetical protein",NA,NA,NA,NA,NA,NA,NA,NA,NA,NA,NA,"MFGQKPLLQTDQWFSVWNQLVKPPDSPRTWEAYRLTQIKELEEARKDGTFQLEACRASRRIAHNAHVQEKGTPILENDLVLIRKGSLDSPFTRKLEPRWEGPYRCVRVKGNTYFLSTLSGESLSNPVSGHRLKLYHPPTFPLNSVRLVTSDGSAPCSIPTSKDNHVTNTVLDSPRYISKATDYVSTFHVTLKDDSTHISEYYRLDPQETDFHVSQKFSADAKNSPIIIDNSPDKSLSSSSEDRRNRWVQPPLTFHIASSSSSSSPSFYSVDNHKTFLVCDLSLPSFSLLSFPEVDDYHLFLDLQARVSKKLDVEEIMKYEPVIRYCPEFWAIKSKETCLLELPVPVNYFPLSNREWEQHLRTAILYSLHSPYGRTPELLKTERFLAFHCRMFLLTYNFLFRLNVSIPGILLVDFFKYFHNALETINHQLYPSSQSVLYDLEIKIFIHCRFFYEEGDPANILDDYQAECSEGEPELPLPAPGPLTIRVPLSQPVWTSSVSSTPSASSSSSSSSSSSSTLLSGLKDAGLLVRTSWVWRYFRDSSDGDATVCQVQLADGELCNTRLAKDKKTFSTSRMARHLKVLHKLNSNSPSIPSPSSFLPPPPPNMKRTAQTAIPVDSSVHQTQPPPSRPISSSPPLPSTSVPASSSDSLPVPPSPKPKRRPPPLVPISSPPSHSAGLPSSSSLPALTPGLLSAPLPPLSSSSKSSPPLSCVPFDRRNPIVRAALRRHRHWVRGYYCKFVYPPWHLSMFLSASGAGGFLCQEIL","Infection"
"83",56.8055045623698,5.35225364969063,1.38089997275556,3.87591697826622,0.000106223900949778,0.000413320578912589,"HMI56_002791-T1","CDS","scaffold_2267",2362,2686,"+",NA,"hypothetical protein",NA,NA,NA,NA,NA,NA,NA,NA,NA,NA,NA,"MKSKSYRNRKGHQKGATRSHPMKKHTLESKKETSTSYVQPFNSITVNSRLPLTNEFFPSSRVSIPREDFNWDYKYSPQNLDNFPVQRQRIHNNPSKPIPIPFQVPSSK","Sporangia"
"84",5.05606363888902,3.61694700497866,1.16858303863607,3.09515617238484,0.00196709292145865,0.00578514572746767,"HMI56_002948-T1","CDS","scaffold_2361",2620,3138,"+",NA,"hypothetical protein",NA,"PF16561","IPR013783;IPR014756;IPR032640",NA,NA,NA,NA,NA,NA,NA,NA,"MKMSSQITPSPSHIFEISYLAPMSSIAVKLTGEYDGWRQENQMKFENCELESQKRFKIEIPTEKLLNTKKFVFKFVVDGEWYCSDTFPKEYDSAGNENNFIIFNPEPFQCDFHAYLQRDSVLQVKEESKEEVQCDVKLTIAEK","Sporangia"
"85",4.39202025401753,-2.35409865476205,0.707094506636951,-3.32925603673333,0.000870783142114722,0.00278387997690464,"HMI56_003695-T1","CDS","scaffold_2850",216,2366,"-",NA,"hypothetical protein",NA,"PF09668;PF13650;PF13975","IPR001969;IPR021109","ENOG41KOG0017","C:(C) Energy production and conversion","GO:0004190;GO:0006508",NA,NA,NA,NA,NA,"MDDPRTPTQAQTFIPILNTTPEQAVASLSVFDGKRWDRWIIDFEAATMQFVKLSSNRKALLLWSRLSPNVHEKGESSKYNPTSSKSDYKKFVEFLEGCYPVNIRPKDQLWEFKDTTDRFLNGKSTFEEFVLEFKMHYKEHVEEHHLTKGEDDLIKTYFLSGISNDIRNQIGAKLMGIKHPTAKEVITAGESIAVVPDFMITSQQRKLQRHDFEPQVHPINNYQGRNNNLHQNTFNKIRRNDELYCPYCRKKGHKKDNCNMLQDHLKKQLVIMDHSKRICWANSGRPVNFNQDINKSPADIVGGSFYISNERSKPQAQVKLTKLSDEELEHELITKREVGNFIKVMSNQPVNSFIPTTTVQMRNDAMKEAYGKFKEATIPIEIKYLLSNPDIVRYIMEENKMLKAKYEQHTNVQGMQVALGNIKSLSPSYIQVKIQEKYFPALVDSGSQVNIISKEVSKKLNLPVNNSYNASYQGINGDKENFEGGINQVKIKVGTICRTLFFYVSNKISEELILGKPFIHEFGVITKAKPDGDKLWVSDEDKKVEVQIYSGIEEIQSSSVDVMKIKISNEKLNLQDLVKGEMDNEGFELRIEEKLKMAAKIKSKKINTVRKRVAEKIKPQNVGLPIEARLESGNKIERPILIDRLTEENIKKIQFSSFLLDQEKLIFLQRLHEVQGALGFSINDLGILAEGIEKPIKIHTVPHQPWQLKPLKFSQI","Infection"
"86",7.49370964045118,4.82171531418352,0.92097722774709,5.23543380760725,1.64597806498786e-07,1.08877401511902e-06,"HMI56_003744-T1","CDS","scaffold_2886",786,1896,"+",NA,"hypothetical protein",NA,"PF00001","IPR000276;IPR017452",NA,NA,"GO:0016021;GO:0004930;GO:0007186",NA,"7 (o15-41i53-75o81-112i124-150o179-198i293-314o326-345i)",NA,NA,NA,"MTVKDDEYDAFVSSLLWSIGIESSFCIIGSLLNLLLIIVILWQPKKLLTYRSLHLILNLAISDFCMSLINLHIIISELWVFPVYTLGLCGALIVFQDMFTVSTITSVMLLAMDRFIIVVLKKKLTLLASAAIIFTAWCFSILVAIAPFMVSKNPIRLSNKNTFCGLNTSEDLVPSTMEAITIIFWVNLFIALIFYVLIVKEIRATVKGIRNVQSSSGTRTSSSGNKKSSISQTQSETKSGTNRESKVSRKSIVETIQSTITSLRRFSIRSNATTTTSMSNKKRNTEFQLSRKTIILGSTHFLLYLPTALISHLTGTDRFTLFMIDASFYLMIAVFIFDPLWSFVLDPHIKILLKEIVGSSRKQQSPSLK","Sporangia"
"87",2.63164627488391,-5.67609810926178,1.01827462331547,-5.57423113499637,2.48625458817778e-08,1.92184621902248e-07,"HMI56_003751-T1","CDS","scaffold_2890",122,2317,"-",NA,"hypothetical protein",NA,"PF09668;PF13650;PF13975","IPR021109",NA,NA,NA,NA,NA,NA,NA,NA,"MPEGSGNTTKVKMITPIVRRELSLSHLPSYRGGDFLSFFSEWEETIEIYGPCTEAEKLYYLPRAFSERLRAGIMKMPFSARGEAPNYEELVEFLFKLHGVSRRDKKSVFEDLREVINMKVKGEYTLVQYMVFFKAYYYKKRNEISEKEARTLFLEGLDPQLCRRIERKLTGPRMATLEDVIGWVDRYTIDCNGRRHEGLVFKEEAGNYTRTVREMPIVEQRNAFVKTRYNGPRNIPTSILVKECNACGGKDHLHGDCAALRKAILDKLIYRNERGRLCMVATGGEVRRPYGDTWITNARKVTEEKKRAVNHISAEARNMEVNQVFNQEKTYQKTGPIMVKERAEQKIVEQIENSMISIPVKELLEHPGILYQMRGALMSKGNQENKLAMEKNSIKKIQMSDEDQGIDRVVCRNIQLEVNGHQVKAMVDTGAEVNLISLDLAKLVGLEKRIEKVREGLYNADKSPMKVEGKLLGIRSKVLNKVRPLIFYVSPCFSHNLILGRPFEKTFEMRYTSEKNRSLVEMLDENERWTKVPSMENESEGLLGTLSCVWLEKDEHSRTMEILQADKENVMITSLMIKPKTSILAKINSEQNKEINTVRKRVADKIKPVSTQILDGGRLEQMERTNETKIEEKPTEFSKEEKDRLVFGEVLEEKEKKIFIEELNKRRKALAFDMKDLGKLQPTIEMPVLIRTVPHQPWELRPIRMSEEMREALLKLLREKISLGLLEYGTGS","Infection"
"88",14.4597797290405,-2.30022407481259,0.678702525237517,-3.3891491327627,0.000701098690236224,0.00229714430783854,"HMI56_003971-T1","CDS","scaffold_3032",29,878,"+",NA,"hypothetical protein",NA,"PF09668;PF13650;PF13975","IPR021109",NA,NA,NA,NA,NA,NA,NA,NA,"DKSLVNLYGTEESKSNEDYNARKITAIEEEQTETIITEIKESIEHESRINNLAMDIDHEKEKNNNREQSKYQMMRQESSNSIVKQAMNTPIPILLKDLMQNPDLGRIMNKQIYQLKENPENKNQDQNKGNLKKGAYQITMEDGSIFSAKCWYINLEINGRNYEALLDKGSEINVMKESVASSIGKEINRTNQIGMHGVNGGFQKTKGEIQCIGKLGNIEQTLSFCVVEKLPDEIILGTPFYLSFIKKIEFMNDGKLILEVYDKYTDESSTIMAYRKGKEKKSK","Infection"
"89",24.9606311011619,-2.53083115327958,0.504173377634236,-5.0197635685469,5.17351159469576e-07,3.10872960306737e-06,"HMI56_004054-T1","CDS","scaffold_3099",1079,1931,"+",NA,"hypothetical protein",NA,NA,NA,NA,NA,NA,"SignalP(1-18)",NA,NA,NA,NA,"MMLLLLLLIVLQLTSVPAWTFPHTSLHNLQDTRENTLIIDDSMPLYNKTYLQFRIGYEIIKVIANNPCSALQMFYGFVASSLDMNDRDETFKALSPTESLEFINHNITSFFENLPQNDFINLYFGSNGKALLTKIIISNPDLLVNRGTFIAEILRALNLKWNSASQQCEMDAKLKIKKDPSYFDYLILHSLRTHLTPKTGYLDTLYKGCFSFQGLWNKYGYLNCFLENIVTQTIQLRSAGGKYENLIRVQEEQNRIEAAASQAEAKKKKKKKQINNSKTDEKF","Infection"
"90",19.8613517812366,3.26760285904717,0.610615617027314,5.35132539674465,8.73123574484151e-08,6.04816072625502e-07,"HMI56_004197-T1","CDS","scaffold_3209",180,1402,"-",NA,"hypothetical protein",NA,NA,"IPR000198;IPR008936",NA,NA,"GO:0007165",NA,NA,NA,NA,NA,"MQQEEQLKLMEYEEHHDEKVMVEKKEEFDQIQIEIEEGAVSHDGMKLVTEKKLEVSEPQLRVINSLVIEPSLIREVQYPSPSEAAYQNKDIPFTCVSAATQMPLSTVESCPTPSTSIAQTHTPTPALKCSLSSTQSWKQRFVGFFKGSVSRKPLSMPIHPKHQDSVYVSHMQIPGATISLCPNQHHSTTQNSIKFIKQVETPGVCESAQKKTARCLPKLKWTFRNPNKNTGSPNESLSKDHKNKKKNTFMKIKMSEKFKLKFQSVSGLFSLKHFSEYFSKCSSTFPSTSPSTSRSAVLNPYTSLLHYHEPQAFSLPFLDIQIPLFLFVLWRYIDRDEILSTSGIFRMSSNVGNVFAFLEEYKFLSLDKIQNEPLNPNYILEPTDILKKWLRENPSSIFPPHHNPTLQ","Sporangia"
"91",5.15768529438576,2.87094251642774,0.823699961568828,3.4854226664764,0.000491360229493717,0.00166818554985877,"HMI56_004443-T1","CDS","scaffold_3411",42,1017,"-",NA,"hypothetical protein",NA,NA,NA,NA,NA,NA,"SignalP(1-26)",NA,NA,NA,NA,"MRIQLHTVKTFLILLVGLIIVCKISAARVNKNTAKIWKPTLVLNKQLKFKPNAIKSIHRISWSPDEPYIDFSFKNIFPPEEYTAVYPVCATVGYFSPNNKKSLVLLNYCTHKNCNLNMRSYFVQKYLPLEIQFDSNSPIDLYLTVKCEYANPFQEPFSKVFEWNFNIKIQDRRLDYFQKPTKNFLKRFKTVTYVTNLYIYTTFYRVLKLYKRHKVTAQTGVKVELDS","Sporangia"
"92",3.13030202284891,-6.16097788361823,1.15140285326859,-5.35084472487496,8.75446154108623e-08,6.05713167253525e-07,"HMI56_004499-T1","CDS","scaffold_3461",347,1683,"+",NA,"hypothetical protein",NA,NA,NA,NA,NA,NA,NA,NA,NA,NA,NA,"MVITRRRLQMDEPKTPTQTQNIIPILNTTPEQAVANLSVFHGERWDRWFMDFEAAILQFPDLSMHRKSLLLWSKLSTNVRERAETSRYNPTSEKSDYGKFKNFLNGLYLSRMHPKDRLWEFKDATERFSANKLTFCDYVTEFKLQYLKYIEDDKLTEGEDELIQNYFLSGLSVELRDSVAKELKGIKYPTAKQIITAAESVAITPFFSLRPLNKFNYTSVDSKHQDYSRPTMTLNPRRIDDSCIYCKRKGHHRDECNIMKDHIKRKLIIVDQNKKVCWPSTGKMINLLNYQNKSLADIVIQNTSRQEGTLQKPNLVKTTKIYNEDEEDYKSLDVQHIMQVMSSKPVNNFISTITVQMRNDAMKEVYEKFKSSQILMEVQYLLTNPNIVRFINEENRNLKTKYEQHAKVHEHCLTVVLK","Infection"
"93",16.3701719360591,-2.47429497571556,0.442631304408304,-5.58996833498509,2.27111023740838e-08,1.76461882014067e-07,"HMI56_004726-T1","CDS","scaffold_3642",396,1635,"+",NA,"hypothetical protein",NA,NA,NA,NA,NA,NA,NA,NA,NA,NA,NA,"MPQNVNEDSNIDTKMSESNYENDDFFKSSKTLKFLENPKRFKGYYSKISLSTSNELSSTLQSTDFTSGEFNTPSRFSRCDMKSLCLIVEESLAFALHSDSIQHDKHTLIIKAEKKNPVRFRFEKNYEAPSFKNCLIFVESRENSKTDHWDLVHCDKQTCLFNNDVYFVRSRLPSIYDWEDLYKKEGLTLNARCHV","Infection"
"94",6.14395773995384,2.06780802445696,0.610438817549154,3.38741240728921,0.000705552426633122,0.00231079873495507,"HMI56_004736-T1","CDS","scaffold_3653",71,1373,"-",NA,"hypothetical protein",NA,NA,NA,NA,NA,NA,NA,NA,NA,NA,NA,"MNSFEGELDTKLNEASILSKLIDFLDNPRAEKFNSILPFLTKHAQLYVPKGENEFTQIFNKALDSMKSYFSKFLKAIHEVLKASKNLNLHTSEELKKVNDENLKLEFKDMKIIFKCALYFQLDFEQGIQYLYRKYPSKKSNIHHLKNLFQFYVFNFQEVLQYLLYFEYRNYCLKFSHFTEFQEFQPSSSSVNPIRSGPAIEPYYQMRLFTILNYKSHDRELQEMHTPESSLKCDPKISQRLFKDFKQSRIAMIDYTEMISAFLESNTIQIDGSIAEQESEELQKMAVFIYHSFRTILNEMPDTYEELKDYLSDYLNLFQTFLEEVKNTLHSVKIYNSKKDFKKFESYFSEKIHFRMGLQDDVLFVKWGPALNTILLKKKLKSAIDNEIPFLENLLSIVKWFPNFQKHYINELFLKLWLESCNVVMLDSYGLEI","Sporangia"
"95",647.108424359077,4.35107478907398,0.461704087719846,9.42394686293992,4.3444324221756e-21,1.30819289727452e-19,"HMI56_004925-T1","CDS","scaffold_3810",104,1371,"-",NA,"hypothetical protein",NA,NA,"IPR026588","ENOG4105YE4",NA,NA,"SignalP(1-25)",NA,NA,NA,NA,"MPFLLIKYNALCHVLGMFSTTSSLATVSCTRTLSPVDCVMTDVCPATQFTCTDSIASTGKFVVTCQKITVRKSQYGGFPCPSATPYLSTTRAQCVRPTPSSYSPFDLVGAYNLIVFNDAVFDRGSVDGRVAIGGSANLTNFDVGKMISPVLESCSNDPVQAMIVGKNLFHYGTVKNGEVLVGGLCSNGTITSCPIICGALGQSCASLPIDFNDAFGLSDSLSHFFQNFSSTASFFPQSNNTALVSWSGSHFEVLNLDPSFTNPMYSFKSYQETRDSTGFLLINVFGTKVTLTGLNMEIFQPYAQNILWNFPQATDVSVNAMTLYGSILAPYAVVHGSGILVGQVVASSVVGSKLESLSFKYVTLNNPLLREFIVSSL","Sporangia"
"96",55.442424122226,4.0976526614253,0.600892486714797,6.81927757797075,9.14994570288016e-12,1.24309868387614e-10,"HMI56_004972-T1","CDS","scaffold_3851",239,581,"-",NA,"hypothetical protein",NA,NA,NA,NA,NA,NA,NA,"1 (o96-113i)",NA,NA,NA,"MSDPYSFYFGYKTCMTNFITTPGMNTALCSPSKMIEYPRTKCTVTRNTRACAFTQASCEAYCSYVSTNSAKLPWSAMGFATCTLTDGRPVASKPKTWYFFFFYSFSLFSSILIS","Sporangia"
"97",1.31201910812732,-4.85951208401334,1.57240087759481,-3.09050456105481,0.00199816735760318,0.00586454792401837,"HMI56_005108-T1","CDS","scaffold_3983",930,1188,"+",NA,"hypothetical protein",NA,NA,NA,NA,NA,NA,NA,NA,NA,NA,NA,"MIVDLFKVFHNAIESIYHQLNVNRDTVLYDLEIKLFHNNQFYYGDGHDLVGLLDNYSVTPVTKETKLLVLPPKPLQIHDAPTVNI","Infection"
"98",1.88415519017864,-4.11207442656716,1.03236295901113,-3.983167345045,6.8002835050455e-05,0.000275770290883001,"HMI56_005242-T1","CDS","scaffold_4110",286,1195,"-",NA,"hypothetical protein",NA,"PF00077;PF08284;PF09668;PF12384;PF13650;PF13975","IPR001969;IPR021109;IPR036875",NA,NA,"GO:0004190;GO:0008270;GO:0003676;GO:0006508",NA,NA,NA,NA,NA,"MEQNYQKTHEEKQEKNDNRCKYCGIPGHWVSTCRIRQSDREKGTFRNIHPNFDQHMKKFANQNKNVISKNNQHELNIMQVTEQATANFRGPVNEGTINNLTIHFLIDTGASASFITKEIAIQANLNIEHEKKIMATSYTGQTSTTLGMVHAKLITNNISLNLTLHILENLPYDVILGYDMLKRCKAVIDPFQDKVFICEKNTQLQHHSRITPYDFSEYQQLNLALSETSIGTLEAQEHKNLIFLLEKNKKVFADNPKAPAASEYEIVINTGDAHCKFVYTPWYLSMNLSTLGVGRQFSLCFY","Infection"
"99",125.951079126907,2.22931347086755,0.480736072627867,4.6372918484801,3.53003810149098e-06,1.81564101204794e-05,"HMI56_005335-T1","CDS","scaffold_42",6494,8467,"+",NA,"hypothetical protein",NA,NA,NA,NA,NA,NA,NA,NA,NA,NA,NA,"MRSKTFRNRRNQKGVHGAVDVHTTKKQSLPPKKEASTSYVQPFNSITVNSRLPLTNEFFPSSRVSIPREDFNWDYKYSPQNLDNFPVQRQKIHNNPSQPIPIPFQAPSSKNTKKAKPTTSQKVIPLDTDEGFLSGAWLFDIQAAPQWFIKASGITTSKIQNQPVHPIHTTEVKNTNPFPSSQIKKKITRNEEIGFESGAWLFNIHEAPVWFRDLIPKYSTAVSRTKGKPLKSTIQNIQKKAVPIPDPYDFIQSGEWLFNIQSAPGWFQDLVPKYSKNISRTNGKQLKSKVQNIQKRSAPIPGPYDFMESGEWLFNIQSAPGWFRKLVSHKYIPKRINDFSFNSPTKKILDQVVFTKTFSDQPPPALIDEDLGFDSNTCLFDTDSISVEFRNEYSNKSLKKLYNSLQSSRKNLKGQKKDVNRYLTNNDESNKFNNEDEFSDDEWTFNSKWAQSKARAQTEKITRLINGSLLKPAVHPKYFNANSLPMNPTITYKFPETLSNRFQLTDFDSKIEVSSKPQAQAHTSKKRTKPKSTPKIRKIHGSSHSPDLAFSSAKKLFDPERVPKRMKKEFSKLQLRPQQQQPQSTISLIYKTLKNISWFIAFY","Sporangia"
"100",309.110552822731,-3.90897650579332,0.199624151629616,-19.5816812438911,2.21584920538636e-85,2.62969163050999e-83,"HMI56_005338-T1","CDS","scaffold_42",19830,20736,"+",NA,"hypothetical protein",NA,NA,"IPR011333",NA,NA,NA,NA,NA,NA,NA,NA,"MTEIKDTRYPSENSVKFEIKFIHNSEHTPESLFSKRCHIGSMEFYLRLRFNKYIMYPTISVLKLQQGQLVYEGVLLELKAAITYCSLEKEEQKSYCKTLLFPNNSWELDKFELPPSSYYINMCLIFNFIHPFNLDSSLVFSFTSPSKTPLFRYLNNKGTSDCCFQLKANKQDLWVRKDIITFECPFFEKMLLGEWSNNLEDKINAPWSDKLFLSCILHLYTGWLPGSTINDEVLEKLKMNKDDLKLGMEDALELYEIAKMIELYPLAHFSLKHLNTLVEQEQASLMDCLLKKPIETNDESL","Infection"
"101",1.34096788854287,-3.65558445050705,1.22334811873409,-2.98818005645835,0.0028064416407543,0.00794945034780177,"HMI56_005344-T1","CDS","scaffold_4208",63,1104,"-",NA,"hypothetical protein",NA,NA,NA,NA,NA,NA,NA,NA,NA,NA,NA,"MDEDNRRMTRSLSRFANVSEPVQKKEESTTLRVEENIKIKREEDLEESLMEDHIDLSEDEESVYGSDEDKPKTRYSQKDISIDRLPTYRGGDFATFFKEWTNAISLHGERSPKEKLFYLPMAFDTEVRSLLMGSRYCLNGKRPNYDLFVKDLFIIHGVEMQVERSVSEKMKEVIEKKKRGKVSLTQYIGLFKINYHENRKKLSELEIIKMFLEGLHHKIAKKVERELTGPVRPTLAKAIDLVDKFTIDWEGTRHEGLVFDDEVVVVRESNPMNMKTNNAWERNKTFVRSRTNEERNIPVPFKKRECNACGRSDHTHSECAALRKAILEKIIYRNEQGRLCVVATGEE","Infection"
"102",1.75543343070645,-5.08706240796429,1.70873574080662,-2.97709135852856,0.00290997282694667,0.00819953935525825,"HMI56_005594-T1","CDS","scaffold_4443",103,973,"-",NA,"hypothetical protein",NA,"PF03732","IPR005162;IPR036875",NA,NA,"GO:0008270;GO:0003676",NA,NA,NA,NA,NA,"MKLRSSTKNNKTLNNNNSENILSQGEHQTTPYSTEATPSHGITNSLSDDKTLGKILAEEVPKFEGSIDSNKTMEFIFKLDRWFRRIAYNDSEKVDLAVSKMKGTALRWFCLLKQDNPSVANSWIKLRQAINKRFAPPGGEAQAVLSLSSLKPGKTMVAELSEKLMKLFSQVPQVSMRERKVYFYNALNSEIQRQLPNFYDATTGFEDLLSRALQVEATLKNHDYSNQQQLVNNSHHVLAAQARYPFETKRKKKFDLKEVTCLLCFNKGHFDRKCPKVDEFMNKLCGDHQ","Infection"
"103",8.907223829656,-7.47941977200826,0.808367341013231,-9.25250117432174,2.19299788488368e-20,6.36600465144292e-19,"HMI56_005602-T1","CDS","scaffold_4450",123,677,"+",NA,"hypothetical protein",NA,NA,NA,NA,NA,NA,NA,NA,NA,NA,NA,"MVENSGYNPVASRTRSRFTQLESSNIAQPAINVTEIPSMHSSSPLSSPTSYSSSYEVSSGVPHSVPKDQPSHGGLLHLACNLALPKFPGGNTPANAWLSQFERLIKSTGLQQKYWGAALQTYLPTGLTNSVSLVIMEAESVEHPWEFIKTELKKYFCISDDAFRQKCQEDFKKIKQGTLSLREH","Infection"
"104",447.08895159407,3.72696684253779,0.501942313454235,7.42508998073858,1.12703270509306e-13,1.96748735216906e-12,"HMI56_006498-T1","CDS","scaffold_598",3472,6523,"-",NA,"hypothetical protein",NA,NA,NA,NA,NA,NA,"SignalP(1-24)",NA,NA,NA,NA,"MMHKAKRTLFFLLVLGCLCLKVPCLTSDTQLEDTLPHGEYHADVDTDLERNVNFEAIQQAFQNDGNEIFKRQVMLMTSSQPVNDDETCIDDDYVPSVLQSLQDFTFMDSPPDICGLITVKSLPIDVNVDTCVTTACFEIGSLDNSIRLGVYDLPADGIHLGKTIVGIKQCYVKQVDGNYINACASGSLYGQRICFQIAGQLNDVPVTLQPYLFNSNECQLSLRVPINGELCPGKAAVPNLNLPVVQKPWPTPNTDLGPILGFNPKDDFCGKVWTTLTTKYDPSTCSTEVCLIPEMYASTLSTTFDQHINGSRLEWNIVTSKVNCPSNNPACSAPPSSNCVRLTGAFSLFLWNSVHTSRSTTECQSKVWLYALMKACPDPSTSSIDTGTATCSYPSTVDETACGSCKATCRIGNTYAMGTQTCTKAALNSRTDPFVQCKSNSASLALRSCYKPCPVDCSTAGVYWMECPANCYTPTATQTGFWSTITPALNGGRTWYA","Sporangia"
"105",614.271761091857,-3.57522926206319,0.24882864602254,-14.3682382202061,8.18879353672754e-47,5.64816784969156e-45,"HMI56_006627-T1","CDS","scaffold_64",224,2767,"-",NA,"hypothetical protein",NA,NA,NA,NA,NA,NA,NA,"1 (o357-384i)",NA,NA,NA,"MGLVFGHSKIPVNVGQNETVGRAVKDVIVDNEIQRTLEPLKKENSLENAYEDWTRIFSPFVLKFYFHSYDIVPSAAGTLLKVDVPFRIELDTPSILFSFDLHPSFQGPYQCTILGKLRFPSSSTDDAWMAVLECNQDQCSTPMYSTFFYDRIKGLREGTQLNHAHVHLYVNCRDRSSSTGRPYPDVELLLQWNMYILSDIQALPPQTDIESWKNNRFYLTKQPSLFAITEITENEGQQEKVIHGTRAGPHCFENEENAEAYEGCQHFTTYLNDMSLTSFLRYLKTHSQPDPKTSTTLRLPSSPHPLDPMANQFLNAMYTLVANMTPPPSSPSSSMHLMTPNAQHLPPPRSPISIHPFSFVFLCLFIFFVVFFFFFLVVVMLFSYQVHVLVRRFKQQQRREDKDPTKNNGTNIKWSLNPKM","Infection"
"106",5.59885284563234,4.95185237529531,1.00253112368325,4.93935026884995,7.8383304143671e-07,4.56387636680682e-06,"HMI56_006719-T1","CDS","scaffold_666",5715,6624,"-",NA,"hypothetical protein",NA,NA,"IPR013783;IPR014756",NA,NA,NA,NA,NA,NA,NA,NA,"MTKEVRVYLKSPITTKNVVCTGFFDGWQGTQKMVPIEIDPVNKIKLFYVKINVDEHEKEFIFKFLEDNTWTLSPFYKTRYSGVFENNILLLESEEPPRITLCEDEEEEEKTNAVVPRQMKSEKENKNENENENEDEIKGKVKRYIKQEIRKKMEYFRPSFMYRPKDSGADLNKNTSPMTEKKSSLLNWKKKVQSFLFPWTGSKQKSVRTPFSFLKVNNKGKDIDRTFKFTLDLGLKWK","Sporangia"
"107",335.870267410383,5.86368970589648,1.06224247855765,5.520104707033,3.38797720512914e-08,2.54808723629005e-07,"HMI56_007075-T1","CDS","scaffold_773",1706,2832,"-",NA,"hypothetical protein",NA,"PF00188","IPR001283;IPR014044;IPR035940","ENOG411E3ND","S:(S) Function unknown",NA,"SignalP(1-24)","1 (n6-16c24/25o287-304i)",NA,NA,NA,"MDKFNVLSVVLFVLFAMELDFVTSQSLPMDVRNVILNGHSLLRNATSIPNALTWSDNLESVALTRAKDLRDHCSLSHLNNWMYGENLAMGNGSDMNSTVAARFINLWIQEGYTPGQYSHWTQMDWSGSQWLGCAMAVGDPLVGCPYVFFACEYDPPGNVQGRTPWTDVSFPPPFPSIPIYFPNQTSLPDNAFPLPLSPPPISPSFPVHWPQPPPESWKRPFVHYPKPLPSDRFIQALTIAYYKFKQLLTLTNPPTSLASLGGSVPTIMVDPAAQYLGQVFSHASMKFWISPSLFVFIYFVSTYLV","Sporangia"
"108",10.2361834291583,-2.38323634248048,0.496650274362062,-4.79862081127751,1.59761930662756e-06,8.81859630949687e-06,"HMI56_007096-T1","CDS","scaffold_781",170,4165,"-",NA,"hypothetical protein",NA,NA,NA,NA,NA,NA,"SignalP(1-20)",NA,NA,NA,NA,"MMCVNYFFLIIFLLFSPVFTSTPKTSSELLSITQIQIVPEKVDNILRNGVFYVSLAAFQSEVEAEAYLSQLSSLESTINEVLNERKEISKIRILKKKKADLDSYEKESDIQIFKNFPDIEKFSPVIFNFRKHVYLHLELENDPTLIQGSSKEFLAQESHRLNLKKSFDFPITDRRPNHYKWIDGRKNLVFLIMAAHVKMLLEKKYPSLKGKVNTDESHPNIIDIIFFIQNSKRKIKKVVLKNNIENIVLEQQHDVLVLPSNIYSDETSMKKLKDFYEQFFEENQIERSKSIFEDNLRLQKIDQPNAFNMLFFKVRDCILHLDSKLKYHNSKDTEEEEFLNCSFDEILPSIFKEYQWLTNGVLNKKNVKDFDQKILLRVSTRILPWAIILEWVCSTESKTQRHIPIHFSPLLFKKIKFLYEKSFLNIKIGKLSRTITKTRSQEKPLMFHQIQIVPEKVEKIIKNGIFYVSLTAFQSETEAKAYLLQLSNLESDIKEVLNKRREKVNKKYSDLRILNFFKELPVFGEVLFEFRKHLYLHLELEKEKPLIHRSSEDFRAQERHRLNLKKTFDFADTDIGQRMDEWVQGRRNLVFLIMAANVKMLLEKMYPLLKEEVNTKESFLNIIDMTFFIQNSRRNMNQVILKSNIENLILEQEYGVLVLPSNVYSDETSRKKLKDFYNHFFEENPIEQFKSFLEEKVILELKRHPSKNTLEYLLENTVPCLISLDSELKNYNSKHQNKNDFPHCTSEKILPNTLKDYKNFAQGLLMEKEDTDSDRIYKRRAYTRILPWTIILEWICSKVFEYEPYVPIHFRRESFQRINWAILAYDHKIQQEKNPDSATRNTAQVMEPTNSNSLSSHSTKKNEIVSDIIDDPQSSVLILKNYNLDLLSINQIQIVPQNVGEILKDGVFYVALAAFQSEDKAKEYLLQLFNLEFTITQEFSKFRGISNEKNSDIEILGFFPDIYEFGAVMFDFRKHLYLHLELEMEKNLILG","Infection"
"109",2974.99476705084,4.98012755021151,0.625639305463557,7.96006182271679,1.7195334182752e-15,3.61370694934398e-14,"HMI56_007150-T1","CDS","scaffold_8",15777,21113,"-",NA,"hypothetical protein",NA,NA,"IPR026588","ENOG4106DMR","S:(S) Function unknown",NA,"SignalP(1-27)",NA,NA,NA,NA,"MGRAQRHVLLKALFLSLLLVFVIRVYAQFDGSFNPDFQDVIEYNTEEDTTTTTTTISSVSSISTSSKTISTSATTSTTISNTTSITTSTSTSTSTSIFSSASTTNVPTSCPVGNCDAVEIATDFTYDEASCITTFCYKLKIPNNLSPAQSMDIIGSFNADDLSTNLFSWSLLNNVILRISQQQLAGSSASYCFTFSGNYGSTNSRVIINFGSHSCEKPVLVPSNKLPCVRPCVLDNNFANGICEPCSATCYSGAPSQLTATQKCTLKVLTPAVGSNAPFCTTTTSRICSKTCSVDCTVSGPFYKECLANCATQTTIHTGYYVTNPPLNGGTPCSLTETTTTKTCTLPLSKKTECNQNCRVTGVPYINCRRICSATPRPTNVVTYPFPTTLQPPVGTGSPCPSWTATCSCERTTCSLGPSPTSTFPCDATCTAFDGSYAKGYQKAIYPILGNCANTSYNSTKYVPCFKECPCSYYASSAVGSCIPTSTITSTTPWVVTGFQKFTALASATKCNTIVDMPCSTVLRPTDCSVLYECPSCSCTSTSGSGYWMTDTLTCKINTLTPSQFSGRPCPTTSSISCNQYCPGCDYFPPICQCSYTFTTTNGATTTYGGYKYCTQNTIFKPDDANGLLQPLTTNPCPFVLTTEYPKSQCTSLLTGSESCLYQTKSCDSLSTFTSTATTVTPWTLYGYLACTLTDKRPLNSQPSTCTPFTSTISVSSTTTQIPCTVTSVCLKPSPPDCYSLSQGFNIVTQTCLPVTVAGSSCGAKYCSQSVNPTKVTSVYCFKNTPSPVAPRCFCEGSEFNAVFFGNVNASCSYVEGRLSVRGNATLINFNIGEKLSSVQTCNLYPKNALIVGGNLYHYGKVSNGNLMVSGSCGDGTVLSCDGLCNQPSCLMSENFSIEECVRRLQLALGNLKPNTLVAPPIVPMPMTNLEAIIQVTWSGTLLEVIEVPSIYTMASSLINIVTLQFLGTLNPKATIVINIRGSVITVPAFTMDQLKGFASNIIYNFVDATSINFLPTDLYGTVLARNATISGSSTIYGQVFAGSMIPSGDASLKFKYVKYNGYCANNGVYPLPSDGVYI","Sporangia"
"110",43.2428235538367,-2.87141811712426,0.425960664868564,-6.74104055596372,1.57256301087743e-11,2.05349247536907e-10,"HMI56_007205-T1","CDS","scaffold_814",1884,5890,"+",NA,"hypothetical protein",NA,NA,NA,NA,NA,NA,NA,NA,NA,NA,NA,"MLKSMLPSIYFTVIYCLFSIPFIKAYKNLLEAVNIHGKDVLRPFNDNYEIDPSFHEPYAASNAEIKRKKEKYIFLDTPQPVLNFQLKVRKEVRNSISCWITGEFLGVLPQNFPKNIAFAHCHHESCHENKFQSVFTKTMFPEIPNFRQFENKKMRIFIRCLDTLKDHDEKNVLSVEPISIVYTNTSETPLLNDNVLENIENQKRFKYPYLAYTFELEVLKFAATPFKLNNFGKSKKLISSQILFLRNRNQHGYYVTQEEISIFNFKPSTVSKLARSNHQFQFGRFLVDLNTTSEHFKVDAKPFDIYLVGHSGLAEMTFQFFLNDVWKQKDYQCIILLYGTLPQRNQNETIEMFLGQCKNEACSKPIHSYLLPGSIPQVSRLSDLHGASMKLQLDCSTMIDSETEVTLLEVEIPWKVYVDDDASLEDHQQQRENLFEMIRKKENQTVNSFDGSHFLVSSEVEKPGEIELSVYGAMVESSPKGFQYRLIDDTLEGMVNPSLIRELVIENQKVPLYPIFENGAPLQIIEKNKNIQYRNFIFVRAKLDPGYQGFCHFSIQFNGNPIENYYPSWILELPKSQPQVIKLSCEKEEKEGCVPLYALKYFPDYISNHPRMTAYTQSFYLFITLRFKCFSNEHLPSLLKEVILKIPSAQDLRYFN","Infection"
"111",589.966740788784,2.74356948048956,0.550506682391147,4.9837169434034,6.23743068590489e-07,3.69303489620341e-06,"HMI56_007537-T1","CDS","scaffold_931",138,996,"+",NA,"hypothetical protein",NA,NA,NA,NA,NA,NA,NA,NA,NA,NA,NA,"MWFQDLIPKYYNNSSRINGKQLKSTIKPITKKPAPIPGPYDFIEFGEWLFNIKSAPEWFQELVPKYSKNLSRTNGKPLKSTIKPIQKKPAPIQGPYDFIESGEWLFNIHSAPMWFQNFVSPPSIPRRISGFSFHTPNQKTLDQVVYLKHVPLTTYSSIQYKLPSPSINPESIQNNKKSLALRKMNKIHSHQPIPKALPLKKTNNKVYPIQKKNFNHRTSPIQLTQKKSLSDDLDFTTGAWLFDPNRVPEWMKNQLPQPIQRLPHRGSMERLLNAFKRPFWVIFFI","Sporangia"
"112",3.42096246816334,-5.23589999467872,1.00156365409361,-5.22772564008132,1.71607905101052e-07,1.12866812890423e-06,"HMI55_000433-T1","CDS","scaffold_1170",3657,4428,"-",NA,"hypothetical protein",NA,"PF03732","IPR005162",NA,NA,NA,NA,"1 (i235-255o)",NA,NA,NA,"MVQRDKNGRFIPSRNLTGLVGEGSGSSNNNPIENVINDVVSNTENVTTVGNIEETLSPSNIQLISAVFTGIPAFSGVRNSSKIRDFCDAVDATLDLAGVTPRQGLLLAVSRITGAAKSWLIGMQRDFPIGHPQNINSWLKLKTALLEHFDAVHHEINTVEKFLQLRQNNSSILEFNEEFNRLIASMKNFDEFKVYAYTFMLSPRTAELVKTNKANLVSLKDVQQAASFIEALKRLLVLLIFNLFQLFSQVSLHFLE","Infection"
"113",2.98523676612248,-5.9743695415423,1.2263393084941,-4.87171005623119,1.10636451015024e-06,6.25673552691829e-06,"HMI55_000820-T1","CDS","scaffold_1355",146,1087,"+",NA,"hypothetical protein",NA,NA,NA,NA,NA,NA,NA,NA,NA,NA,NA,"MLSSVNALNRNLRIEEKPKAKKKTPKAKKKTSKAIVNLTKAETNESEASISHSTKRKRTRSMTSEAPESSKLGLKNPRFDPFLNENSPEQQHFLQDFPGDSFSEHHTNFDLGLEQLQVSEEGIAILEDERISDTYTKKKV","Infection"
"114",1.95458620656515,-5.34630838534943,1.57929121497938,-3.38525810480066,0.000711113547692042,0.0023271234103304,"HMI55_000935-T1","CDS","scaffold_1408",2363,4108,"+",NA,"hypothetical protein",NA,"PF13975","IPR021109",NA,NA,NA,NA,NA,NA,NA,NA,"MSEENKRYTRSMTRELESRSGNVTPTIEGEEIYDDNEEIFYEETKRVPRESYPLEMPEGSGNTTKVKMITPIVRRELSLSHLPSYRGGDFLSFFSEWEETIEIYGPCTEAEKLYYLPRAFSERLRAGIMKMPFSARGEAPNYEELVEFLFKLHGISRRDKKSVFEDLREVINMKVKGEYTLVQYMVFFKAYYYKKRNEISEKEARTLFLEGLDPQLCRRIERKLTGPRMATLEDVIGWVDRYTINCNGRRHEGLVFKEEAGNYTRTVREMPIVEQRNAFVKTRYNGPRNIPTSILVKECNACGGKDHLHGDCAALRKAILDKLIYRNERGRLCVVATGGEVRRPYGDTWITNARKVTEEKKRAVNHISAEARNMEVNQVFNQEKTYQKTGPIMVKERVERKIVEQIENSMISIPVKELLEHPGILYQMRGALMSKGNQENKLAMEKNSIKKIQMSDEDQGIDRVVCRNIQLEVNGHQVKAMVDTGAEVNLISLDLAKLVGLEKRIEKVREGLYNADKSPMKVEGKLLGIRSKVFGGNVRRE","Infection"
"115",16.2740274930742,3.7290741556844,0.918152386995973,4.06149807864166,4.8758819639572e-05,0.000204089042785968,"HMI55_000945-T1","CDS","scaffold_1412",3447,4291,"+",NA,"hypothetical protein",NA,"PF16561","IPR013783;IPR014756;IPR032640",NA,NA,NA,NA,NA,NA,NA,NA,"MSSSHQVQIFFEASSSVTSVIATGTFDAWNGLTKMLIHKRNEDKTTYFISIQVGIPLKREKLLFKFIVDGKWVCSPQFETEWDNCGNENNVLWYGTDVLSPHFSSSVEMQGEMENENVENVTRKLDPETEAAIKELESKKEKEMNNQFKMETEIQTIQEPLMEMNNMNLTPISCEKKEENLPMDSCAILEPPVEQTTSTISNLLPTKAIQKKGNKKQGCFMTSMFKFLHFTKPKFLKRRN","Sporangia"
"116",27.33264415809,-4.62733707821693,0.467027431339864,-9.90806271259373,3.84019976595418e-23,1.27532560128602e-21,"HMI55_001498-T1","CDS","scaffold_17",16310,18323,"+",NA,"hypothetical protein",NA,NA,NA,NA,NA,NA,NA,NA,NA,NA,NA,"MEWVATKRMHEEYTLKLGISPKLFKLIYNENSPYEPSPPKKKSSGSKGRKRISVSARYHPGVEEKKRKKPQNTGSSQSHTDTGTLIPNFQGIQDWNQRDTTSGMYGPTDQSWNTFAFPFTTSNYPGSVPFSQEEGPSRTHTNINPGSKHLPKEALTQIASSSRIQAPASVDPYNAFFSEEYAAKANEELLNYLQNEEVTHNSDIHKTAYSNTDSFTQETSRINPPTSETPYPDEEIPWDEVLTRLEIET","Infection"
"117",5.41001220096368,3.70975380479138,0.969946240324347,3.82470043241866,0.000130931191496039,0.000501240377311685,"HMI55_001602-T1","CDS","scaffold_1754",2153,3463,"-",NA,"hypothetical protein",NA,NA,NA,NA,NA,NA,"SignalP(1-25)",NA,NA,NA,NA,"MRMFNSFLTVLHLWILFVCVHVTSGAKNSNSKWGLLRPRLRLNSMESILSFPDGKPQKIAEFQLVQSTPYFDFTFLEETSKKFPENFICITTGMNRVNSEHDVANVDPLLLNICVGKACQQRMRSYFVKNSPSLVDEVQVTSNLQIRLFIHCGFNTSVQNQPEFRWVFDVSVAAPLNNKILLPEVTEITEKWETDINILNDPTRISEFMYVLYFRTNPCE","Sporangia"
"118",174.223237320949,-5.23578011040711,0.333485520332654,-15.700172244913,1.50831976538444e-55,1.15925147682404e-53,"HMI55_001752-T1","CDS","scaffold_183",8981,9929,"+",NA,"hypothetical protein",NA,"PF00651","IPR000210;IPR011333",NA,NA,"GO:0005515",NA,NA,NA,NA,NA,"MSFVNVSLNSFDDKEMVSLTYRVQFRTNANQPNQYPLDQSLSDWADIGQHLKMQMVCPKPITNPFELIILTEINKENSFQFEGVLIVIDLNIVMAETLEKKDTIVKRIFKPGSKWSLGSYNSSKVSTLDFRLKFVLIKTLDFTSNLSYVFSPPSKTPFIGFLNNKTYSDCCLQLKRNDQKIWVNTRILSSQCSFFAKMLQEEWSNVKKNENNAQELIDLSNWSDEVIVGCILHLYAGWLPGTKICDEVIKQLNKKASDLEYNLHTLSELAETAKMIELDVLAFFCLREIKKLADQEMDSIPLDTKQFAIKRGTKY","Infection"
"119",28.4609632516715,6.15406217501421,1.5713431182177,3.91643435712149,8.98682708346307e-05,0.000356031882982558,"HMI55_001948-T1","CDS","scaffold_1940",80,733,"-",NA,"hypothetical protein",NA,"PF00188","IPR001283;IPR014044;IPR034113;IPR035940","ENOG411E58Q","S:(S) Function unknown",NA,NA,NA,NA,NA,NA,"MHFYRYFFFLCFYGYFFTKVHGVTVSLPPDTLLNILKKHNDLRAQYGIPPLTYDANVLMPFAQQRAERLTQICRLSHDGAAPYGENLAMITGYAPDWNTLNRLIDMWINEDINGYNHLTQMLWSGSMRVGCGVSFGCEGTYLACN","Sporangia"
"120",3.56310650625558,-6.20164723360957,1.49388941686147,-4.15134290638372,3.30530103982288e-05,0.000141881805273248,"HMI55_002109-T1","CDS","scaffold_2025",1455,3267,"+",NA,"hypothetical protein",NA,NA,"IPR016024;IPR022031;IPR022771",NA,NA,NA,NA,"2 (i7-25o45-67i)",NA,NA,NA,"MQQIPKSYFSQTLLEAISEFILYGLKNPFSSTWIPLDCITMVDIFFSYFPTFVSFASYWLLPIYQLLFSSNENIRRHAFNFFKLHLASLAPNVPTFDPFMIPYYEKKSEHIVHQLNQIIQQNEKMGIQAWSITLVVFAKSIQKSSSSVNAMLTILEKYFDVAKSNVRIYTYRAWSYLIYSFAATKTLLTERRLKLVVVPIQASFNNDKNHVFRITAAKTYATLVFSMAKLGTCVEFNQFFPMVHSLLLNILMDPNDEVKDIGCSILAALVQTKEKEVRTKHELQEAGENLRISEELHFLIEGITSFRLSLMRYSAVELAQKLKRVEYQKRFPISSLNSLEGLANSSDKVLLHAFLFILISLSNLKTPSFFTNTSLIQWLVDLHPRLSDVSLDGFDKNAVTLVM","Infection"
"121",4.17187650671672,3.41758170091458,1.0264890224494,3.32938942957184,0.000870366149942172,0.00278387997690464,"HMI55_002272-T1","CDS","scaffold_2118",1941,2640,"-",NA,"hypothetical protein",NA,NA,NA,NA,NA,NA,"SignalP(1-19)",NA,NA,NA,NA,"MYVLILLTLFHLFIVPTVTFISTSEREFLGPQETDKITFYAYEGRDDLTFGPLKLHFEGIHNSRCDSIYILLAFFASSLDYEPTRGQQPEDNFVLGMENTKEKLVPLFQSAEVHPFLFEALLNDETQQFISQHRKALKQYLDTKKTILDKIFMTAFCDCKEFNCDFLSEKPERSEWSYSNLLIYYLRPQLQAMPTYWSLVNSQPCKSPDQDLCEVEKIKAAQKKFDDYSSDE","Sporangia"
"122",6.65513607599279,3.57153353128293,1.03781175638904,3.44140785580395,0.000578695532987333,0.00193297721490388,"HMI55_002378-T1","CDS","scaffold_2184",28,631,"+",NA,"hypothetical protein",NA,NA,NA,NA,NA,NA,NA,NA,NA,NA,NA,"MGAISNQCIQEIDASIAGRNYTAAVLEKKQSAATRIGNALVSFIRESECVRESTGSRELCSLRFLQFTSENKLWIKAPNPTSDFSFISLGGFKTIFTALNLTALNKLNKTSICSSCNLQFLQNSERLYSTQIIESIRQSQSPRAFNRSLIAHEEILQSVNLICGPNSIRSNLPRNVNNNASVITQDAIYSLPIRSSSASSR","Sporangia"
"123",9.92772617599412,-2.62800633562118,0.452475832992606,-5.80805900337251,6.32012454363396e-09,5.43167253111034e-08,"HMI55_002543-T1","CDS","scaffold_2290",209,2770,"-",NA,"hypothetical protein",NA,NA,NA,NA,NA,NA,NA,NA,NA,NA,NA,"MEENNIIQQNLKLVELFLLNFNVTFPEALKNEDCPENKFCLIIANTYSFEVKESSIDLDKKYSFFADPENPLILQLTPFLKTKADYVCNFTLYDENTKKTLYHLASCISKACFSPMHIQFTSIDKCKTWGQLYLFTTLSISMSCSTSLNNIRFKVPVIFHALDKVHAEELFDAKKSQEYLNARLMYKFNGVKLFDETKAQTFLNDQSIAVDAKKFENNNSLDFTFGKVIYRVCDLKTLLVDCASTYGIKRYDMRILPKYSGLSTKDLIATFKIEGVPFSPDAKLSIAPKKEDSLQFSIFLKSEYLHRTSCFLKGTLKKLSDVKMLALLYCEGRDCGQLLRVFLSKADGIYKYNDFFGQEINLQLFCALDKIYILDPFNVWVTYDMPKNVNQHKSLPDKDNAKEKYNNMYTDVFKAFKTLNF","Infection"
"124",37.7514855578239,4.10718706258143,0.943523604244069,4.35303053798216,1.34268438643029e-05,6.22370074583139e-05,"HMI55_002683-T1","CDS","scaffold_2381",134,2361,"-",NA,"hypothetical protein",NA,NA,NA,NA,NA,NA,"SignalP(1-22)",NA,NA,NA,NA,"MKVIYMFLSLLCLLNLGKLVCSQVSEFTDSLQQFSTLLDQSSSFQTQQNLPICRNYSCELFDVSLNVDVDSNRCVSTFCYTISDPLGIFDLDHFDLLGVHYDLNSFSSNATFWEHLSFGQLRNKLGKKAGITQRFCFTVYGKVLLNPSTIILNFGHFSCEKPINVPGVSTICDNDCVVDTNFGNAECQGCPARCFSGQGPSAIGTETCTLKIRSPAIGQGKPCNLITSRLCTKPCPVDCQYSGPVWKRCSANCETPTLPVTGYFLVTPEINGGLPCTLTATTTTSICSLPSSVFLSKCPIDCKYTGIPTVSCAALCSPGDLGRQTTTYSYPITLSPSTLGGSTCPTPTTTCTCCDCILSPTPTSKSPCDAVCSKDDGSYATGYETYFFPISRTASPTGKCITESTRTCSKSCPCKFTASSSIGKCIPTSTITSTYPWVITGFQEWTAVGPNCE","Sporangia"
"125",3.07181956051731,-5.96560149066299,1.05314372938709,-5.66456536197092,1.47397670074995e-08,1.19188296343207e-07,"HMI55_002992-T1","CDS","scaffold_2594",495,1920,"+",NA,"hypothetical protein",NA,"PF09668;PF13650","IPR021109",NA,NA,NA,NA,NA,NA,NA,NA,"MSESRDRQTNQEYLTYRETTERANDLLMDAFVSGTTEVPNAVLLGHPEIFKHHRSLQVNSRKRTADSTHQVSNLGNRLCLLQEYLQYDVTMTSSECENVTSAPCGYINLVVNGVPIRALWDSGAEVNLMRASKAKEISVNVTEGATILRGFDGSSSITTGTARSVHVDVGGIQGLLFFIVVENVNEDIILGRPFEVAFQTTSAVLGDGTYTGTAQNYDGTKRVTLAVLKGPTGHNDLSRPNTNLNRYPTGTGGLYQAPGQDNPKAEDSPPKLQPSVLSTPMKKENNNEKKVGPIEKNPLKVELLKKLERRYGVKKGKGSLGKLVCNMISEMEDEEMLQEVDEFLINPDSCYSSFEHLIQLEIKRTEEVYLEVKTLNTICKKVADKIRPQNVPLPEDAELLREQDSEPEKVWDRLTPENISKIKFGEMLSPKERSAYLEVMSRYQSVLGFDPEHLGRLNSCIETPLKLRTVDHTP","Infection"
"126",1.59138258865572,-5.06357277846164,1.25661643126091,-4.02952933965759,5.58886403101102e-05,0.000230819512437354,"HMI55_003213-T1","CDS","scaffold_2744",1713,2309,"+",NA,"hypothetical protein",NA,NA,"IPR032567","ENOG410Q09C","L:(L) Replication, recombination and repair",NA,NA,NA,NA,NA,NA,"MSRNYLDPDYIRELSARVEEVEASKSPNMKLQNELQSALNAIQALAHRLDEMQIQTSTPIVREEKTFELPLPKRFDGTRGQFETFAMQIRLLFRAHPERFPTPMIRTCLIISLLDGMAAQWIKPMINDDPCCFTYEEILEILGRQFGDPCRGSTARRELLRIRQGWKETCLHQCT","Infection"
"127",2.28235549556572,-4.05590510717781,1.00981141359479,-4.01649758813813,5.9069468213879e-05,0.000242837803609783,"HMI55_004345-T1","CDS","scaffold_3664",437,1414,"+",NA,"hypothetical protein",NA,"PF09668;PF12384;PF13650;PF13975","IPR021109",NA,NA,NA,NA,NA,NA,NA,NA,"MINLLNYPNKSLADIVIQNTSRQEGTHQKPNLVKTTKIYNEDEDDYKSLDVRHIMQVMSSKPVNNFIPTTTVQMRNDAMKEVYEKFKSSQIPMEVQYLLTNPDIVRFINEENRNLKTKYEQHAKVHEVLINDNELKSLSPLYIRAEINNHVIPALLDSGSQVNIMSEEIMNRIGLRINNRSKIPYQGVNGDKETFIGGIQGVTIHVGTIKKKIYFYVSNKISEDTILGRPFIREFQVITKSTYNKEQVWVSDDDKEIEIRSYNGYELANQEKFEVMNVRIKTEKKMDTVLQDQMDTEGSKAGSR","Infection"
"128",7.80614571886681,-2.06359793948677,0.60340308464928,-3.41993269836565,0.000626366301127258,0.00206993286244757,"HMI55_004835-T1","CDS","scaffold_4113",66,1042,"-",NA,"hypothetical protein",NA,"PF00098;PF03732","IPR001878;IPR005162;IPR036875","ENOG410IRMY","S:(S) Function unknown","GO:0008270;GO:0003676",NA,NA,NA,NA,NA,"MSGEENKKVLELFVKSLEVAVPTYNGALNIALIREFIYKMNAFISVSNLTEDLQVKYVESKLRGAAALWAQDLLTSGSKDKPKNWETFELKLKERFIPKEYKHSAMRKLESLKQVNSCLQYSEKFRELLREVEISTDQQVYFFLKGLKDEIRTFVGMDEMNLISLDSVEKASFRYDSLMALDPKNNQSRQYPLAANVQNKFNNWSHQNKNNNKNLDVKCYNCGKRGHIARNCRSPKREGHTYTKKANVNHTLVKQEKDQEIKTKENEECDFEPIRANRAQCSREISASTEFLIDSGCSEHMMNHV","Infection"
"129",1.82073172593412,-5.2720467045443,1.15627084373008,-4.55952576607132,5.12692664825063e-06,2.56505257603116e-05,"HMI55_005163-T1","CDS","scaffold_4444",475,760,"+",NA,"hypothetical protein",NA,NA,NA,NA,NA,NA,NA,NA,NA,NA,NA,"MFLLTYDFLFQLNISLPGVLLVDFFKYFHNALETINHQLHPNPKSTLYDLEVELFVQGQFFYEEGDPTGIFDDYQDEVSEEAPEIPLLSLYEIK","Infection"
"130",1.99782862635101,-5.46655376807898,1.85028331799099,-2.95444147116588,0.00313235562705176,0.0087467508340165,"HMI55_005234-T1","CDS","scaffold_4529",259,1054,"+",NA,"hypothetical protein",NA,NA,NA,NA,NA,NA,NA,NA,NA,NA,NA,"MDILTRFQPIERPIKAAFSSIFLESLFKMETPILFPSFKEHEYKKFMINYLTYGRLNFNQKYPNRYVLIFNLLQFASGLKQTSYTYDSIHTGLKMLQYLLMVEIKIQEEEFNIKYFMPQYLNLESKFEGTWDLFSMRPLVIDEPMRDRNWYGEFPSLNIAVYDHHYVPLPEKLARYLEGYRRLINYRSFQPLIHMRFPGRYLMDKNAEVIESFEELQSTPEERSSGSYIFDVILENIKKLSEHELFKLNDILTNDFMNSEPSGM","Infection"
"131",1.53396733515623,-4.60575348643184,1.27987423165349,-3.59859849704264,0.000319936678622081,0.00113584316802048,"HMI55_005514-T1","CDS","scaffold_4824",19,829,"-",NA,"hypothetical protein",NA,"PF00077;PF08284;PF09668;PF13650;PF13975","IPR001878;IPR001969;IPR021109;IPR036875",NA,NA,"GO:0004190;GO:0008270;GO:0003676;GO:0006508",NA,NA,NA,NA,NA,"MFRIGLNDEYTASSACHATNTIDALVKQLLEWEKFQTLRKTTQHSSKPDYRNNSNAPHRRHYPEQKKPIIKNTTTIRCLYCGNTGHIVTECRMKKFDVENGILRSKHPRYEENLTKRYGHYNKPQDTKQRTSTQTKPTSNYKTVENNATLVLEKVKTRVAADYYGPITNGTINAQPIQFLVDSGAAATFIAEDVAKQAKLKISNPLNAYKTKIANGSSQETIGQTSFTLETQGHALLLTAFVIKNLTHDLILGYDMLTHFKSQIDASKHT","Infection"
"132",216.447450332038,-2.93826384809341,0.239328206914779,-12.2771314170238,1.20184482081031e-34,6.33914229015634e-33,"HMI55_006273-T1","CDS","scaffold_605",2306,7599,"-",NA,"hypothetical protein",NA,NA,NA,NA,NA,NA,"SignalP(1-18)","1 (n3-14c23/24o881-903i)",NA,NA,NA,"MQLFVFFLFLSFVFKNLANKVSSTEEILEKLVIESKSVTLTDEDSVPEITLNNIHYLQSSIRLKREYIGKASCWVVGFHEEELEKELNDDIKHEAIGFTIGYCYRQLCDRRFRTHLIHSTFPSYGYFEKSIQYQVQCKLVDNKEPLDKFTKNVKIIIPPINSYIKSISFADRATIISKFESFKTSEKMQKLDIPNELAHNLTIYLNFITRKNPSSVKIHAVLPKKTMQENLLTQKFELVSVQPLDFDIKIDYEDQCENDLCLIIENFFEVKVKNSPENFYAIHVDPFNPINLRLQNLPSNENYYCHVSLTEDSNLNNKAVQNLAFCDQSTCTTDMRIQFASNHVYASWNDLYSKKFKMNMLCRFLSGNKEINVPVQFHSLYDLSNQKFLKKSVAQAFLANTLRFLWGNERLSAFISNPKNELNFGGSIKQDGCHVIAKYGCDRNYYRIFSMESFPILALSTEELIDGLEIENYALEKSEKEFKLDHPIEGYVQFSIKLKPEYIEKATCWLFADRIDNDFESQTQKHCQELNCRKGYITERFSLAFCQSRDCSKQLKVYLALDWFQVLKPDAVLKDVFLHTISLKVYCSLERRDPLLPYIVTVNYDHRRPMKRALGSFNNVNRLFAQKFQDKPKIIDDSLFDGFDHAKDLAFVLKSATNTEDFYESKTMHGLETLMLSDPKKIESQINYRKISLGDTSIKTPVSSFYCGDENLCFIVENNIAFQLKKEVDVQKETLTLHSGPDSPLRFHFENRFKNHIETKNYHCEVSIKDKTNMEWYLFECNQDTCPSLNEVGLYKSRLHGINQWKDLYAKKDLTLHAMCEIGSNKLQMEILVAFTTSKLDDKHDQNLKEVEEDADFLNNLTAPILKHDRLFSFFIATDRYVSFFPLCITFVDIILTFFYFSFP","Infection"
"133",1608.84207150514,5.21878202015111,0.959111299975931,5.44126841199981,5.29025343070255e-08,3.79825135104711e-07,"HMI55_006300-T1","CDS","scaffold_613",293,1109,"-",NA,"hypothetical protein",NA,NA,"IPR021476","ENOG410Q6XB","S:(S) Function unknown",NA,"SignalP(1-21)",NA,NA,NA,NA,"MTYFVSTFLIVVSCLASMVNAHGHLTHPGVFTALADQRGNQNGVNACGLVSNAAITDAIKRFPPTFIQPGTEAKFLYTVTNGDGAGPVRVDIDTTGAGTTFNTPATITTQVPGNNANLAQNQAPGGRFPGDFPLSFTVPQGLNCPSGACVLKVTNPQNFISCMFITTDPRFATTIPSMFPSDQQLFLGNAIRVQQQVGGQGAIGVQGIAGGQQGLIGGQQGLIGGQQGLIGGQQGLIAGQTTFAGQGVAGQGFFGTQQTFTGFNGVFRRRR","Sporangia"
"134",1121.05989302849,4.93009457918305,0.497569369212185,9.90835626997901,3.82893503899895e-23,1.27532560128602e-21,"HMI55_006483-T1","CDS","scaffold_677",43,5684,"-",NA,"hypothetical protein",NA,NA,"IPR026588","ENOG4105CNA","M:(M) Cell wall/membrane/envelope biogenesis",NA,NA,NA,NA,NA,NA,"MRFIISLWPSWVGLFILVALCTFSTKFFHLKMSVSSENVHVINKRAIDFLFTDLNIPLSYGDDFMYIPSDLSQCTPCANFTTGFDITFFNKTCQSQVCLNVHAFTGVTNVELLFNNTSLYKLVNNSDNNILITTPVDISRKLPMIFRVFRRPCFAKALTALTPLNTTECTLNETIRSSVCFNVTGNLDQMKLSGDFKVTGDNECSYSTNLVGVNLGCTGSQGIGNQPICQTLNVTFDSTYDDMNGGTTYCYTVNPNGKAIITYFDLNFPNVSDILFPSDTLGTWGFVNNKLRYKFNPVLSSTARKACFILPDKAIDFVDRSIDLQNDVGRVCLLQVKGPGQRININKVCGLDPNVNNAICESCTGSCSKGSPAVITGSQLCRLKTLTTTSYPGYNCTRFSQRPCPTTCPVDCSLDGPNWLQCTADCKSKTVTQTGYFSVVNASANGGTPCGPLTTTQLCTMTPGSTTCPPDVDCTVTGIPSGGCTDVCTKGGPNIMTASFSYPITLTPQTGNGKSCSMFTTVCSCSACVLDSTAFSTASCTATCASNDGSTVTGSQKHVYSVLTPALNAAQCATAIEKPCISRCACDYSTSLPLESCIYTATISATTPWLALGVQKWTGIGNNVACNTVLNVPCQTTLAPTDCVPYYSCLTAQCTPTYGVDYVLSTTLPCDVTTLVTAMNGGKTCNPVPTKTVVSKSCPGCNYNWLCGCQYTTSSAMYGTTSATGTVVCTGTIDANANVPAFCLPTYVSSHATSACETKIVSTACAYSTLGCENTCSPTSTGTATLPWTMYGKNLCTYTDPRPSLQRPAACTPFISSADCSRTIQPVNCVTTNVCMSSRPVCTGTIETDTLLKSLPCRVVTLQEAQFGGFPCPPFSTFKGTAVARCSVSTASPTPTGYFEQANAYNAVFFNGAQCADSSVDGRLAVGGDATLINFSVGTKLSALAMCDQYPSEALRVNGDLTYIGSVQNGNVRASGQCTSGIDTSCALSCNEKDKGVCDAHPFDFQGLRTHLVLLTQSLSTKPTTVLFSPFSGNTLTLTWTGSPIERISVSASNSSPILPWNNYNGLLLQTATVVITVLGDHPILTGFDLSYFLERASYILWVFPEASVVEINAMTVYGSILAPNAELRGTGTIVGQVFAASLSCTDSPSLKIQNAPFKGTL","Sporangia"
"135",9.8640045532435,2.63116895724443,0.581608652643599,4.5239508478509,6.06958257173014e-06,2.99948140562537e-05,"HMI55_007242-T1","CDS","scaffold_934",3312,4485,"-","SERPINA5","Plasma serine protease inhibitor",NA,"PF00079","IPR023795;IPR023796;IPR036186;IPR042178;IPR042185","ENOG410UM4R","V:(V) Defense mechanisms",NA,NA,NA,NA,NA,NA,"MNLEPYQVFEEMKSFSTVFFSSEFKNNLEGLSPAGVYLTLNRFINFPQKNLPSHNQVIETWKLNPFTVSPKSLVTFDKYLATNHIDSVNLFYQPPGSENLSREFLNALSSSETEVVYSEDELSNRVSEKTQGQVKKVQLPHGSTQPQVLFNIIVLKFNWFHSFYRTIYREEFFTDEGGILGLSFAAKRGDFAFTINPDYTAFKLDFTKDPNANVKERLEDFSAYFVTVEKGKSFLEIWNRAHESLSKKEPSPVDITFPAFLIEKEIDLTSILFKTASGAGHSDPKLLNSRTFQIQQKTLICVDESGAVGKGTPESKYGPGDSPFAYPRIIFNKPFYFIIASNKAPTPLFVSYVTNGMKYFEDSCQPSPEDEDDEDDEHVSNDNVDAFFNS","Sporangia"
